date,pledges
2009-01-14,1
2009-01-15,0
2009-01-16,0
2009-01-17,0
2009-01-18,1
2009-01-19,0
2009-01-20,0
2009-01-21,0
2009-01-22,1
2009-01-23,0
2009-01-24,0
2009-01-25,0
2009-01-26,0
2009-01-27,0
2009-01-28,0
2009-01-29,0
2009-01-30,0
2009-01-31,0
2009-02-01,0
2009-02-02,0
2009-02-03,0
2009-02-04,0
2009-02-05,0
2009-02-06,0
2009-02-07,0
2009-02-08,0
2009-02-09,0
2009-02-10,0
2009-02-11,0
2009-02-12,0
2009-02-13,0
2009-02-14,0
2009-02-15,1
2009-02-16,0
2009-02-17,0
2009-02-18,0
2009-02-19,8
2009-02-20,0
2009-02-21,0
2009-02-22,0
2009-02-23,0
2009-02-24,0
2009-02-25,0
2009-02-26,0
2009-02-27,0
2009-02-28,0
2009-03-01,0
2009-03-02,0
2009-03-03,0
2009-03-04,0
2009-03-05,0
2009-03-06,1
2009-03-07,0
2009-03-08,0
2009-03-09,0
2009-03-10,0
2009-03-11,0
2009-03-12,0
2009-03-13,0
2009-03-14,0
2009-03-15,0
2009-03-16,0
2009-03-17,0
2009-03-18,0
2009-03-19,0
2009-03-20,0
2009-03-21,0
2009-03-22,3
2009-03-23,0
2009-03-24,0
2009-03-25,0
2009-03-26,0
2009-03-27,0
2009-03-28,0
2009-03-29,0
2009-03-30,0
2009-03-31,0
2009-04-01,0
2009-04-02,0
2009-04-03,0
2009-04-04,0
2009-04-05,1
2009-04-06,0
2009-04-07,1
2009-04-08,0
2009-04-09,0
2009-04-10,0
2009-04-11,0
2009-04-12,0
2009-04-13,0
2009-04-14,0
2009-04-15,0
2009-04-16,0
2009-04-17,0
2009-04-18,0
2009-04-19,0
2009-04-20,0
2009-04-21,0
2009-04-22,0
2009-04-23,0
2009-04-24,0
2009-04-25,0
2009-04-26,1
2009-04-27,0
2009-04-28,0
2009-04-29,0
2009-04-30,0
2009-05-01,0
2009-05-02,0
2009-05-03,0
2009-05-04,1
2009-05-05,0
2009-05-06,0
2009-05-07,0
2009-05-08,0
2009-05-09,0
2009-05-10,0
2009-05-11,0
2009-05-12,0
2009-05-13,0
2009-05-14,0
2009-05-15,1
2009-05-16,0
2009-05-17,0
2009-05-18,0
2009-05-19,1
2009-05-20,0
2009-05-21,0
2009-05-22,0
2009-05-23,1
2009-05-24,0
2009-05-25,0
2009-05-26,0
2009-05-27,2
2009-05-28,0
2009-05-29,0
2009-05-30,0
2009-05-31,0
2009-06-01,0
2009-06-02,0
2009-06-03,0
2009-06-04,0
2009-06-05,0
2009-06-06,0
2009-06-07,0
2009-06-08,1
2009-06-09,0
2009-06-10,1
2009-06-11,0
2009-06-12,0
2009-06-13,0
2009-06-14,0
2009-06-15,0
2009-06-16,0
2009-06-17,0
2009-06-18,0
2009-06-19,0
2009-06-20,0
2009-06-21,0
2009-06-22,0
2009-06-23,0
2009-06-24,0
2009-06-25,1
2009-06-26,0
2009-06-27,0
2009-06-28,0
2009-06-29,0
2009-06-30,0
2009-07-01,0
2009-07-02,0
2009-07-03,0
2009-07-04,0
2009-07-05,0
2009-07-06,0
2009-07-07,1
2009-07-08,0
2009-07-09,0
2009-07-10,0
2009-07-11,0
2009-07-12,0
2009-07-13,0
2009-07-14,2
2009-07-15,0
2009-07-16,0
2009-07-17,0
2009-07-18,0
2009-07-19,0
2009-07-20,1
2009-07-21,0
2009-07-22,0
2009-07-23,0
2009-07-24,0
2009-07-25,1
2009-07-26,0
2009-07-27,3
2009-07-28,0
2009-07-29,0
2009-07-30,3
2009-07-31,0
2009-08-01,4
2009-08-02,4
2009-08-03,1
2009-08-04,0
2009-08-05,0
2009-08-06,0
2009-08-07,0
2009-08-08,2
2009-08-09,4
2009-08-10,2
2009-08-11,3
2009-08-12,0
2009-08-13,1
2009-08-14,0
2009-08-15,0
2009-08-16,0
2009-08-17,0
2009-08-18,0
2009-08-19,0
2009-08-20,4
2009-08-21,1
2009-08-22,0
2009-08-23,25
2009-08-24,2
2009-08-25,0
2009-08-26,0
2009-08-27,0
2009-08-28,1
2009-08-29,0
2009-08-30,0
2009-08-31,0
2009-09-01,2
2009-09-02,0
2009-09-03,1
2009-09-04,0
2009-09-05,1
2009-09-06,0
2009-09-07,0
2009-09-08,0
2009-09-09,8
2009-09-10,0
2009-09-11,0
2009-09-12,12
2009-09-13,1
2009-09-14,0
2009-09-15,0
2009-09-16,0
2009-09-17,1
2009-09-18,0
2009-09-19,0
2009-09-20,0
2009-09-21,2
2009-09-22,0
2009-09-23,0
2009-09-24,3
2009-09-25,0
2009-09-26,3
2009-09-27,5
2009-09-28,1
2009-09-29,0
2009-09-30,0
2009-10-01,0
2009-10-02,0
2009-10-03,0
2009-10-04,99
2009-10-05,2
2009-10-06,0
2009-10-07,0
2009-10-08,0
2009-10-09,0
2009-10-10,0
2009-10-11,1
2009-10-12,1
2009-10-13,0
2009-10-14,0
2009-10-15,0
2009-10-16,2
2009-10-17,30
2009-10-18,0
2009-10-19,17
2009-10-20,1
2009-10-21,2
2009-10-22,7
2009-10-23,2
2009-10-24,2
2009-10-25,5
2009-10-26,2
2009-10-27,0
2009-10-28,1
2009-10-29,18
2009-10-30,7
2009-10-31,1
2009-11-01,11
2009-11-02,0
2009-11-03,0
2009-11-04,9
2009-11-05,3
2009-11-06,2
2009-11-07,3
2009-11-08,0
2009-11-09,1
2009-11-10,2
2009-11-11,5
2009-11-12,3
2009-11-13,4
2009-11-14,23
2009-11-15,3
2009-11-16,1
2009-11-17,1
2009-11-18,2
2009-11-19,5
2009-11-20,2
2009-11-21,54
2009-11-22,38
2009-11-23,4
2009-11-24,0
2009-11-25,4
2009-11-26,1
2009-11-27,15
2009-11-28,8
2009-11-29,7
2009-11-30,0
2009-12-01,0
2009-12-02,4
2009-12-03,1
2009-12-04,3
2009-12-05,1
2009-12-06,40
2009-12-07,1
2009-12-08,22
2009-12-09,37
2009-12-10,4
2009-12-11,4
2009-12-12,23
2009-12-13,17
2009-12-14,3
2009-12-15,1
2009-12-16,2
2009-12-17,3
2009-12-18,0
2009-12-19,7
2009-12-20,23
2009-12-21,4
2009-12-22,9
2009-12-23,2
2009-12-24,4
2009-12-25,5
2009-12-26,3
2009-12-27,15
2009-12-28,2
2009-12-29,4
2009-12-30,1
2009-12-31,8
2010-01-01,329
2010-01-02,0
2010-01-03,5
2010-01-04,6
2010-01-05,7
2010-01-06,6
2010-01-07,7
2010-01-08,15
2010-01-09,21
2010-01-10,29
2010-01-11,6
2010-01-12,18
2010-01-13,23
2010-01-14,12
2010-01-15,10
2010-01-16,67
2010-01-17,5
2010-01-18,14
2010-01-19,15
2010-01-20,8
2010-01-21,5
2010-01-22,13
2010-01-23,46
2010-01-24,47
2010-01-25,16
2010-01-26,44
2010-01-27,25
2010-01-28,11
2010-01-29,4
2010-01-30,93
2010-01-31,12
2010-02-01,17
2010-02-02,10
2010-02-03,17
2010-02-04,9
2010-02-05,10
2010-02-06,71
2010-02-07,30
2010-02-08,13
2010-02-09,11
2010-02-10,10
2010-02-11,11
2010-02-12,4
2010-02-13,6
2010-02-14,5
2010-02-15,19
2010-02-16,6
2010-02-17,1
2010-02-18,8
2010-02-19,7
2010-02-20,6
2010-02-21,45
2010-02-22,12
2010-02-23,31
2010-02-24,17
2010-02-25,12
2010-02-26,5
2010-02-27,67
2010-02-28,135
2010-03-01,22
2010-03-02,8
2010-03-03,10
2010-03-04,10
2010-03-05,10
2010-03-06,36
2010-03-07,104
2010-03-08,13
2010-03-09,34
2010-03-10,34
2010-03-11,53
2010-03-12,9
2010-03-13,30
2010-03-14,61
2010-03-15,27
2010-03-16,19
2010-03-17,25
2010-03-18,12
2010-03-19,7
2010-03-20,20
2010-03-21,9
2010-03-22,8
2010-03-23,28
2010-03-24,7
2010-03-25,18
2010-03-26,41
2010-03-27,50
2010-03-28,22
2010-03-29,6
2010-03-30,30
2010-03-31,8
2010-04-01,9
2010-04-02,33
2010-04-03,2
2010-04-04,13
2010-04-05,2
2010-04-06,3
2010-04-07,4
2010-04-08,20
2010-04-09,6
2010-04-10,13
2010-04-11,73
2010-04-12,14
2010-04-13,20
2010-04-14,30
2010-04-15,20
2010-04-16,4
2010-04-17,20
2010-04-18,48
2010-04-19,14
2010-04-20,8
2010-04-21,41
2010-04-22,14
2010-04-23,1
2010-04-24,28
2010-04-25,17
2010-04-26,3
2010-04-27,8
2010-04-28,5
2010-04-29,3
2010-04-30,2
2010-05-01,5
2010-05-02,26
2010-05-03,0
2010-05-04,3
2010-05-05,6
2010-05-06,2
2010-05-07,0
2010-05-08,4
2010-05-09,2
2010-05-10,9
2010-05-11,4
2010-05-12,6
2010-05-13,20
2010-05-14,7
2010-05-15,29
2010-05-16,8
2010-05-17,1
2010-05-18,92
2010-05-19,3
2010-05-20,2
2010-05-21,5
2010-05-22,28
2010-05-23,46
2010-05-24,15
2010-05-25,94
2010-05-26,0
2010-05-27,0
2010-05-28,6
2010-05-29,0
2010-05-30,12
2010-05-31,2
2010-06-01,1
2010-06-02,26
2010-06-03,3
2010-06-04,1
2010-06-05,3
2010-06-06,13
2010-06-07,11
2010-06-08,2
2010-06-09,4
2010-06-10,6
2010-06-11,2
2010-06-12,2
2010-06-13,0
2010-06-14,3
2010-06-15,1
2010-06-16,2
2010-06-17,2
2010-06-18,5
2010-06-19,0
2010-06-20,7
2010-06-21,4
2010-06-22,3
2010-06-23,16
2010-06-24,10
2010-06-25,4
2010-06-26,6
2010-06-27,17
2010-06-28,2
2010-06-29,0
2010-06-30,8
2010-07-01,14
2010-07-02,1
2010-07-03,6
2010-07-04,40
2010-07-05,3
2010-07-06,6
2010-07-07,83
2010-07-08,91
2010-07-09,44
2010-07-10,2
2010-07-11,46
2010-07-12,73
2010-07-13,67
2010-07-14,104
2010-07-15,27
2010-07-16,68
2010-07-17,12
2010-07-18,8
2010-07-19,22
2010-07-20,8
2010-07-21,4
2010-07-22,16
2010-07-23,39
2010-07-24,7
2010-07-25,4
2010-07-26,42
2010-07-27,4
2010-07-28,7
2010-07-29,9
2010-07-30,20
2010-07-31,0
2010-08-01,11
2010-08-02,32
2010-08-03,54
2010-08-04,72
2010-08-05,72
2010-08-06,43
2010-08-07,53
2010-08-08,96
2010-08-09,44
2010-08-10,6
2010-08-11,1
2010-08-12,17
2010-08-13,100
2010-08-14,9
2010-08-15,56
2010-08-16,107
2010-08-17,119
2010-08-18,102
2010-08-19,52
2010-08-20,19
2010-08-21,5
2010-08-22,67
2010-08-23,30
2010-08-24,39
2010-08-25,47
2010-08-26,8
2010-08-27,37
2010-08-28,0
2010-08-29,27
2010-08-30,52
2010-08-31,41
2010-09-01,3
2010-09-02,92
2010-09-03,83
2010-09-04,39
2010-09-05,24
2010-09-06,69
2010-09-07,59
2010-09-08,25
2010-09-09,9
2010-09-10,1
2010-09-11,1
2010-09-12,9
2010-09-13,7
2010-09-14,22
2010-09-15,3
2010-09-16,27
2010-09-17,7
2010-09-18,17
2010-09-19,12
2010-09-20,19
2010-09-21,66
2010-09-22,79
2010-09-23,55
2010-09-24,33
2010-09-25,20
2010-09-26,101
2010-09-27,27
2010-09-28,13
2010-09-29,116
2010-09-30,64
2010-10-01,27
2010-10-02,8
2010-10-03,45
2010-10-04,68
2010-10-05,73
2010-10-06,59
2010-10-07,33
2010-10-08,4
2010-10-09,2
2010-10-10,24
2010-10-11,25
2010-10-12,30
2010-10-13,27
2010-10-14,44
2010-10-15,19
2010-10-16,17
2010-10-17,79
2010-10-18,101
2010-10-19,29
2010-10-20,91
2010-10-21,45
2010-10-22,18
2010-10-23,102
2010-10-24,68
2010-10-25,51
2010-10-26,25
2010-10-27,94
2010-10-28,47
2010-10-29,103
2010-10-30,17
2010-10-31,231
2010-11-01,109
2010-11-02,18
2010-11-03,37
2010-11-04,14
2010-11-05,10
2010-11-06,3
2010-11-07,54
2010-11-08,117
2010-11-09,218
2010-11-10,146
2010-11-11,103
2010-11-12,90
2010-11-13,21
2010-11-14,16
2010-11-15,116
2010-11-16,28
2010-11-17,7
2010-11-18,8
2010-11-19,41
2010-11-20,10
2010-11-21,51
2010-11-22,76
2010-11-23,52
2010-11-24,17
2010-11-25,7
2010-11-26,5
2010-11-27,1
2010-11-28,40
2010-11-29,101
2010-11-30,105
2010-12-01,14
2010-12-02,60
2010-12-03,89
2010-12-04,5
2010-12-05,11
2010-12-06,65
2010-12-07,0
2010-12-08,73
2010-12-09,115
2010-12-10,66
2010-12-11,0
2010-12-12,14
2010-12-13,110
2010-12-14,55
2010-12-15,75
2010-12-16,42
2010-12-17,132
2010-12-18,13
2010-12-19,11
2010-12-20,80
2010-12-21,109
2010-12-22,195
2010-12-23,148
2010-12-24,89
2010-12-25,6
2010-12-26,5
2010-12-27,55
2010-12-28,176
2010-12-29,156
2010-12-30,42
2010-12-31,7
2011-01-01,9
2011-01-02,31
2011-01-03,95
2011-01-04,94
2011-01-05,112
2011-01-06,94
2011-01-07,69
2011-01-08,25
2011-01-09,6
2011-01-10,119
2011-01-11,217
2011-01-12,266
2011-01-13,265
2011-01-14,138
2011-01-15,17
2011-01-16,80
2011-01-17,120
2011-01-18,217
2011-01-19,190
2011-01-20,89
2011-01-21,241
2011-01-22,76
2011-01-23,89
2011-01-24,204
2011-01-25,175
2011-01-26,194
2011-01-27,137
2011-01-28,168
2011-01-29,7
2011-01-30,50
2011-01-31,109
2011-02-01,12
2011-02-02,42
2011-02-03,2
2011-02-04,7
2011-02-05,0
2011-02-06,7
2011-02-07,95
2011-02-08,215
2011-02-09,165
2011-02-10,167
2011-02-11,105
2011-02-12,4
2011-02-13,38
2011-02-14,119
2011-02-15,25
2011-02-16,124
2011-02-17,105
2011-02-18,104
2011-02-19,10
2011-02-20,101
2011-02-21,69
2011-02-22,109
2011-02-23,201
2011-02-24,207
2011-02-25,203
2011-02-26,7
2011-02-27,21
2011-02-28,129
2011-03-01,183
2011-03-02,277
2011-03-03,260
2011-03-04,56
2011-03-05,130
2011-03-06,57
2011-03-07,183
2011-03-08,199
2011-03-09,333
2011-03-10,237
2011-03-11,191
2011-03-12,103
2011-03-13,59
2011-03-14,333
2011-03-15,293
2011-03-16,164
2011-03-17,27
2011-03-18,80
2011-03-19,130
2011-03-20,80
2011-03-21,211
2011-03-22,183
2011-03-23,180
2011-03-24,204
2011-03-25,137
2011-03-26,27
2011-03-27,50
2011-03-28,151
2011-03-29,122
2011-03-30,208
2011-03-31,115
2011-04-01,69
2011-04-02,72
2011-04-03,17
2011-04-04,51
2011-04-05,93
2011-04-06,213
2011-04-07,140
2011-04-08,152
2011-04-09,73
2011-04-10,170
2011-04-11,172
2011-04-12,206
2011-04-13,153
2011-04-14,155
2011-04-15,122
2011-04-16,59
2011-04-17,47
2011-04-18,165
2011-04-19,84
2011-04-20,130
2011-04-21,136
2011-04-22,52
2011-04-23,72
2011-04-24,93
2011-04-25,196
2011-04-26,242
2011-04-27,159
2011-04-28,44
2011-04-29,94
2011-04-30,106
2011-05-01,95
2011-05-02,16
2011-05-03,163
2011-05-04,88
2011-05-05,147
2011-05-06,48
2011-05-07,14
2011-05-08,113
2011-05-09,96
2011-05-10,81
2011-05-11,87
2011-05-12,78
2011-05-13,24
2011-05-14,41
2011-05-15,75
2011-05-16,25
2011-05-17,169
2011-05-18,73
2011-05-19,81
2011-05-20,37
2011-05-21,97
2011-05-22,55
2011-05-23,13
2011-05-24,53
2011-05-25,12
2011-05-26,127
2011-05-27,108
2011-05-28,29
2011-05-29,5
2011-05-30,12
2011-05-31,8
2011-06-01,15
2011-06-02,16
2011-06-03,24
2011-06-04,21
2011-06-05,15
2011-06-06,79
2011-06-07,42
2011-06-08,14
2011-06-09,29
2011-06-10,21
2011-06-11,47
2011-06-12,70
2011-06-13,17
2011-06-14,43
2011-06-15,33
2011-06-16,32
2011-06-17,25
2011-06-18,28
2011-06-19,85
2011-06-20,22
2011-06-21,22
2011-06-22,151
2011-06-23,18
2011-06-24,31
2011-06-25,93
2011-06-26,128
2011-06-27,60
2011-06-28,27
2011-06-29,40
2011-06-30,104
2011-07-01,21
2011-07-02,60
2011-07-03,21
2011-07-04,39
2011-07-05,22
2011-07-06,59
2011-07-07,37
2011-07-08,44
2011-07-09,28
2011-07-10,50
2011-07-11,23
2011-07-12,96
2011-07-13,25
2011-07-14,9
2011-07-15,31
2011-07-16,83
2011-07-17,119
2011-07-18,12
2011-07-19,22
2011-07-20,55
2011-07-21,40
2011-07-22,61
2011-07-23,53
2011-07-24,205
2011-07-25,51
2011-07-26,108
2011-07-27,26
2011-07-28,40
2011-07-29,40
2011-07-30,72
2011-07-31,126
2011-08-01,15
2011-08-02,25
2011-08-03,85
2011-08-04,81
2011-08-05,15
2011-08-06,22
2011-08-07,135
2011-08-08,82
2011-08-09,33
2011-08-10,69
2011-08-11,31
2011-08-12,44
2011-08-13,23
2011-08-14,30
2011-08-15,25
2011-08-16,39
2011-08-17,16
2011-08-18,8
2011-08-19,14
2011-08-20,30
2011-08-21,134
2011-08-22,23
2011-08-23,11
2011-08-24,40
2011-08-25,63
2011-08-26,13
2011-08-27,19
2011-08-28,61
2011-08-29,33
2011-08-30,3
2011-08-31,22
2011-09-01,2
2011-09-02,2
2011-09-03,23
2011-09-04,90
2011-09-05,16
2011-09-06,45
2011-09-07,34
2011-09-08,55
2011-09-09,32
2011-09-10,18
2011-09-11,41
2011-09-12,17
2011-09-13,13
2011-09-14,17
2011-09-15,54
2011-09-16,29
2011-09-17,32
2011-09-18,49
2011-09-19,45
2011-09-20,78
2011-09-21,37
2011-09-22,34
2011-09-23,16
2011-09-24,36
2011-09-25,175
2011-09-26,23
2011-09-27,28
2011-09-28,17
2011-09-29,50
2011-09-30,31
2011-10-01,37
2011-10-02,40
2011-10-03,22
2011-10-04,63
2011-10-05,73
2011-10-06,23
2011-10-07,16
2011-10-08,56
2011-10-09,43
2011-10-10,37
2011-10-11,29
2011-10-12,13
2011-10-13,14
2011-10-14,17
2011-10-15,125
2011-10-16,122
2011-10-17,232
2011-10-18,242
2011-10-19,137
2011-10-20,189
2011-10-21,97
2011-10-22,54
2011-10-23,103
2011-10-24,98
2011-10-25,52
2011-10-26,18
2011-10-27,112
2011-10-28,52
2011-10-29,128
2011-10-30,94
2011-10-31,23
2011-11-01,55
2011-11-02,144
2011-11-03,34
2011-11-04,14
2011-11-05,11
2011-11-06,6
2011-11-07,19
2011-11-08,18
2011-11-09,40
2011-11-10,44
2011-11-11,88
2011-11-12,59
2011-11-13,93
2011-11-14,36
2011-11-15,49
2011-11-16,49
2011-11-17,59
2011-11-18,108
2011-11-19,68
2011-11-20,96
2011-11-21,44
2011-11-22,52
2011-11-23,29
2011-11-24,181
2011-11-25,38
2011-11-26,81
2011-11-27,77
2011-11-28,18
2011-11-29,39
2011-11-30,52
2011-12-01,43
2011-12-02,36
2011-12-03,43
2011-12-04,73
2011-12-05,18
2011-12-06,41
2011-12-07,39
2011-12-08,81
2011-12-09,38
2011-12-10,35
2011-12-11,36
2011-12-12,33
2011-12-13,43
2011-12-14,57
2011-12-15,96
2011-12-16,61
2011-12-17,44
2011-12-18,33
2011-12-19,21
2011-12-20,63
2011-12-21,35
2011-12-22,24
2011-12-23,33
2011-12-24,30
2011-12-25,30
2011-12-26,8
2011-12-27,49
2011-12-28,18
2011-12-29,25
2011-12-30,37
2011-12-31,4
2012-01-01,16
2012-01-02,22
2012-01-03,79
2012-01-04,72
2012-01-05,18
2012-01-06,37
2012-01-07,50
2012-01-08,80
2012-01-09,13
2012-01-10,29
2012-01-11,30
2012-01-12,20
2012-01-13,14
2012-01-14,47
2012-01-15,62
2012-01-16,86
2012-01-17,33
2012-01-18,19
2012-01-19,27
2012-01-20,69
2012-01-21,18
2012-01-22,32
2012-01-23,17
2012-01-24,33
2012-01-25,61
2012-01-26,15
2012-01-27,18
2012-01-28,77
2012-01-29,72
2012-01-30,20
2012-01-31,50
2012-02-01,60
2012-02-02,48
2012-02-03,47
2012-02-04,24
2012-02-05,51
2012-02-06,133
2012-02-07,291
2012-02-08,12
2012-02-09,68
2012-02-10,12
2012-02-11,40
2012-02-12,31
2012-02-13,31
2012-02-14,73
2012-02-15,86
2012-02-16,84
2012-02-17,33
2012-02-18,97
2012-02-19,114
2012-02-20,100
2012-02-21,65
2012-02-22,156
2012-02-23,48
2012-02-24,33
2012-02-25,25
2012-02-26,64
2012-02-27,63
2012-02-28,75
2012-02-29,112
2012-03-01,63
2012-03-02,75
2012-03-03,71
2012-03-04,257
2012-03-05,93
2012-03-06,121
2012-03-07,72
2012-03-08,173
2012-03-09,62
2012-03-10,57
2012-03-11,166
2012-03-12,57
2012-03-13,64
2012-03-14,44
2012-03-15,68
2012-03-16,39
2012-03-17,41
2012-03-18,151
2012-03-19,80
2012-03-20,128
2012-03-21,165
2012-03-22,158
2012-03-23,144
2012-03-24,65
2012-03-25,133
2012-03-26,33
2012-03-27,70
2012-03-28,119
2012-03-29,14
2012-03-30,42
2012-03-31,118
2012-04-01,79
2012-04-02,24
2012-04-03,40
2012-04-04,73
2012-04-05,176
2012-04-06,63
2012-04-07,93
2012-04-08,198
2012-04-09,92
2012-04-10,157
2012-04-11,6
2012-04-12,60
2012-04-13,37
2012-04-14,75
2012-04-15,146
2012-04-16,23
2012-04-17,57
2012-04-18,45
2012-04-19,37
2012-04-20,26
2012-04-21,48
2012-04-22,141
2012-04-23,24
2012-04-24,60
2012-04-25,37
2012-04-26,22
2012-04-27,67
2012-04-28,103
2012-04-29,109
2012-04-30,56
2012-05-01,47
2012-05-02,44
2012-05-03,59
2012-05-04,56
2012-05-05,174
2012-05-06,88
2012-05-07,15
2012-05-08,87
2012-05-09,160
2012-05-10,68
2012-05-11,33
2012-05-12,107
2012-05-13,115
2012-05-14,50
2012-05-15,38
2012-05-16,50
2012-05-17,24
2012-05-18,20
2012-05-19,48
2012-05-20,189
2012-05-21,63
2012-05-22,77
2012-05-23,103
2012-05-24,66
2012-05-25,48
2012-05-26,30
2012-05-27,122
2012-05-28,19
2012-05-29,62
2012-05-30,43
2012-05-31,55
2012-06-01,15
2012-06-02,34
2012-06-03,54
2012-06-04,11
2012-06-05,37
2012-06-06,21
2012-06-07,27
2012-06-08,8
2012-06-09,45
2012-06-10,216
2012-06-11,20
2012-06-12,51
2012-06-13,97
2012-06-14,121
2012-06-15,26
2012-06-16,93
2012-06-17,90
2012-06-18,35
2012-06-19,30
2012-06-20,72
2012-06-21,32
2012-06-22,50
2012-06-23,52
2012-06-24,94
2012-06-25,34
2012-06-26,31
2012-06-27,41
2012-06-28,30
2012-06-29,44
2012-06-30,85
2012-07-01,65
2012-07-02,80
2012-07-03,90
2012-07-04,75
2012-07-05,74
2012-07-06,41
2012-07-07,135
2012-07-08,183
2012-07-09,96
2012-07-10,77
2012-07-11,77
2012-07-12,55
2012-07-13,50
2012-07-14,126
2012-07-15,184
2012-07-16,25
2012-07-17,76
2012-07-18,61
2012-07-19,85
2012-07-20,12
2012-07-21,30
2012-07-22,58
2012-07-23,78
2012-07-24,46
2012-07-25,317
2012-07-26,60
2012-07-27,37
2012-07-28,40
2012-07-29,159
2012-07-30,38
2012-07-31,47
2012-08-01,146
2012-08-02,45
2012-08-03,18
2012-08-04,26
2012-08-05,146
2012-08-06,44
2012-08-07,12
2012-08-08,177
2012-08-09,66
2012-08-10,35
2012-08-11,74
2012-08-12,63
2012-08-13,36
2012-08-14,28
2012-08-15,20
2012-08-16,20
2012-08-17,23
2012-08-18,8
2012-08-19,6
2012-08-20,12
2012-08-21,35
2012-08-22,13
2012-08-23,40
2012-08-24,16
2012-08-25,59
2012-08-26,132
2012-08-27,37
2012-08-28,66
2012-08-29,33
2012-08-30,71
2012-08-31,23
2012-09-01,26
2012-09-02,103
2012-09-03,22
2012-09-04,40
2012-09-05,55
2012-09-06,108
2012-09-07,12
2012-09-08,102
2012-09-09,128
2012-09-10,41
2012-09-11,303
2012-09-12,42
2012-09-13,251
2012-09-14,25
2012-09-15,94
2012-09-16,82
2012-09-17,11
2012-09-18,39
2012-09-19,255
2012-09-20,153
2012-09-21,51
2012-09-22,93
2012-09-23,166
2012-09-24,56
2012-09-25,37
2012-09-26,94
2012-09-27,64
2012-09-28,42
2012-09-29,198
2012-09-30,125
2012-10-01,31
2012-10-02,59
2012-10-03,116
2012-10-04,105
2012-10-05,92
2012-10-06,75
2012-10-07,141
2012-10-08,80
2012-10-09,98
2012-10-10,86
2012-10-11,78
2012-10-12,52
2012-10-13,94
2012-10-14,108
2012-10-15,332
2012-10-16,281
2012-10-17,214
2012-10-18,173
2012-10-19,149
2012-10-20,125
2012-10-21,118
2012-10-22,90
2012-10-23,143
2012-10-24,187
2012-10-25,353
2012-10-26,36
2012-10-27,21
2012-10-28,64
2012-10-29,85
2012-10-30,201
2012-10-31,158
2012-11-01,52
2012-11-02,66
2012-11-03,333
2012-11-04,368
2012-11-05,73
2012-11-06,126
2012-11-07,112
2012-11-08,231
2012-11-09,38
2012-11-10,65
2012-11-11,69
2012-11-12,29
2012-11-13,12
2012-11-14,88
2012-11-15,43
2012-11-16,75
2012-11-17,73
2012-11-18,67
2012-11-19,87
2012-11-20,63
2012-11-21,55
2012-11-22,209
2012-11-23,46
2012-11-24,260
2012-11-25,98
2012-11-26,24
2012-11-27,132
2012-11-28,57
2012-11-29,75
2012-11-30,29
2012-12-01,126
2012-12-02,92
2012-12-03,45
2012-12-04,113
2012-12-05,52
2012-12-06,58
2012-12-07,169
2012-12-08,94
2012-12-09,111
2012-12-10,62
2012-12-11,56
2012-12-12,206
2012-12-13,61
2012-12-14,36
2012-12-15,54
2012-12-16,113
2012-12-17,57
2012-12-18,38
2012-12-19,41
2012-12-20,49
2012-12-21,54
2012-12-22,61
2012-12-23,254
2012-12-24,72
2012-12-25,10
2012-12-26,37
2012-12-27,39
2012-12-28,33
2012-12-29,35
2012-12-30,42
2012-12-31,19
2013-01-01,93
2013-01-02,19
2013-01-03,28
2013-01-04,39
2013-01-05,37
2013-01-06,44
2013-01-07,79
2013-01-08,60
2013-01-09,45
2013-01-10,49
2013-01-11,23
2013-01-12,60
2013-01-13,42
2013-01-14,72
2013-01-15,30
2013-01-16,75
2013-01-17,20
2013-01-18,11
2013-01-19,32
2013-01-20,64
2013-01-21,14
2013-01-22,41
2013-01-23,95
2013-01-24,72
2013-01-25,80
2013-01-26,153
2013-01-27,364
2013-01-28,14
2013-01-29,56
2013-01-30,83
2013-01-31,143
2013-02-01,31
2013-02-02,36
2013-02-03,26
2013-02-04,59
2013-02-05,65
2013-02-06,65
2013-02-07,53
2013-02-08,67
2013-02-09,61
2013-02-10,12
2013-02-11,8
2013-02-12,66
2013-02-13,13
2013-02-14,53
2013-02-15,21
2013-02-16,57
2013-02-17,41
2013-02-18,47
2013-02-19,113
2013-02-20,71
2013-02-21,103
2013-02-22,106
2013-02-23,236
2013-02-24,186
2013-02-25,52
2013-02-26,71
2013-02-27,58
2013-02-28,119
2013-03-01,54
2013-03-02,73
2013-03-03,104
2013-03-04,79
2013-03-05,94
2013-03-06,69
2013-03-07,87
2013-03-08,19
2013-03-09,40
2013-03-10,121
2013-03-11,56
2013-03-12,112
2013-03-13,68
2013-03-14,122
2013-03-15,28
2013-03-16,98
2013-03-17,184
2013-03-18,71
2013-03-19,84
2013-03-20,42
2013-03-21,108
2013-03-22,46
2013-03-23,92
2013-03-24,179
2013-03-25,47
2013-03-26,62
2013-03-27,108
2013-03-28,14
2013-03-29,44
2013-03-30,57
2013-03-31,75
2013-04-01,30
2013-04-02,41
2013-04-03,44
2013-04-04,95
2013-04-05,111
2013-04-06,70
2013-04-07,159
2013-04-08,36
2013-04-09,80
2013-04-10,142
2013-04-11,29
2013-04-12,50
2013-04-13,32
2013-04-14,179
2013-04-15,36
2013-04-16,95
2013-04-17,51
2013-04-18,31
2013-04-19,39
2013-04-20,60
2013-04-21,110
2013-04-22,36
2013-04-23,30
2013-04-24,57
2013-04-25,47
2013-04-26,31
2013-04-27,56
2013-04-28,109
2013-04-29,23
2013-04-30,28
2013-05-01,10
2013-05-02,15
2013-05-03,21
2013-05-04,26
2013-05-05,9
2013-05-06,36
2013-05-07,76
2013-05-08,125
2013-05-09,118
2013-05-10,51
2013-05-11,56
2013-05-12,84
2013-05-13,32
2013-05-14,70
2013-05-15,67
2013-05-16,75
2013-05-17,33
2013-05-18,45
2013-05-19,142
2013-05-20,23
2013-05-21,23
2013-05-22,57
2013-05-23,112
2013-05-24,326
2013-05-25,118
2013-05-26,164
2013-05-27,40
2013-05-28,15
2013-05-29,25
2013-05-30,117
2013-05-31,25
2013-06-01,10
2013-06-02,48
2013-06-03,102
2013-06-04,60
2013-06-05,55
2013-06-06,47
2013-06-07,32
2013-06-08,30
2013-06-09,54
2013-06-10,10
2013-06-11,55
2013-06-12,149
2013-06-13,154
2013-06-14,50
2013-06-15,85
2013-06-16,122
2013-06-17,46
2013-06-18,202
2013-06-19,156
2013-06-20,213
2013-06-21,52
2013-06-22,222
2013-06-23,246
2013-06-24,52
2013-06-25,135
2013-06-26,139
2013-06-27,35
2013-06-28,131
2013-06-29,81
2013-06-30,99
2013-07-01,42
2013-07-02,38
2013-07-03,39
2013-07-04,107
2013-07-05,56
2013-07-06,127
2013-07-07,93
2013-07-08,38
2013-07-09,28
2013-07-10,61
2013-07-11,116
2013-07-12,29
2013-07-13,47
2013-07-14,33
2013-07-15,37
2013-07-16,35
2013-07-17,30
2013-07-18,18
2013-07-19,81
2013-07-20,99
2013-07-21,161
2013-07-22,22
2013-07-23,22
2013-07-24,60
2013-07-25,57
2013-07-26,58
2013-07-27,170
2013-07-28,182
2013-07-29,38
2013-07-30,90
2013-07-31,30
2013-08-01,23
2013-08-02,18
2013-08-03,29
2013-08-04,73
2013-08-05,17
2013-08-06,12
2013-08-07,7
2013-08-08,12
2013-08-09,3
2013-08-10,18
2013-08-11,62
2013-08-12,31
2013-08-13,19
2013-08-14,47
2013-08-15,26
2013-08-16,8
2013-08-17,31
2013-08-18,70
2013-08-19,20
2013-08-20,34
2013-08-21,122
2013-08-22,55
2013-08-23,42
2013-08-24,22
2013-08-25,39
2013-08-26,19
2013-08-27,34
2013-08-28,53
2013-08-29,135
2013-08-30,21
2013-08-31,9
2013-09-01,26
2013-09-02,32
2013-09-03,102
2013-09-04,20
2013-09-05,48
2013-09-06,22
2013-09-07,106
2013-09-08,126
2013-09-09,88
2013-09-10,60
2013-09-11,25
2013-09-12,31
2013-09-13,32
2013-09-14,56
2013-09-15,177
2013-09-16,63
2013-09-17,49
2013-09-18,116
2013-09-19,57
2013-09-20,78
2013-09-21,62
2013-09-22,171
2013-09-23,70
2013-09-24,32
2013-09-25,62
2013-09-26,30
2013-09-27,39
2013-09-28,57
2013-09-29,86
2013-09-30,65
2013-10-01,74
2013-10-02,73
2013-10-03,54
2013-10-04,84
2013-10-05,57
2013-10-06,106
2013-10-07,80
2013-10-08,103
2013-10-09,133
2013-10-10,162
2013-10-11,176
2013-10-12,116
2013-10-13,94
2013-10-14,90
2013-10-15,49
2013-10-16,49
2013-10-17,70
2013-10-18,59
2013-10-19,61
2013-10-20,230
2013-10-21,101
2013-10-22,97
2013-10-23,118
2013-10-24,135
2013-10-25,42
2013-10-26,64
2013-10-27,116
2013-10-28,112
2013-10-29,57
2013-10-30,61
2013-10-31,69
2013-11-01,23
2013-11-02,50
2013-11-03,64
2013-11-04,72
2013-11-05,39
2013-11-06,37
2013-11-07,52
2013-11-08,39
2013-11-09,130
2013-11-10,129
2013-11-11,55
2013-11-12,96
2013-11-13,156
2013-11-14,169
2013-11-15,164
2013-11-16,43
2013-11-17,98
2013-11-18,29
2013-11-19,55
2013-11-20,60
2013-11-21,78
2013-11-22,95
2013-11-23,130
2013-11-24,68
2013-11-25,66
2013-11-26,60
2013-11-27,54
2013-11-28,44
2013-11-29,33
2013-11-30,91
2013-12-01,115
2013-12-02,41
2013-12-03,79
2013-12-04,67
2013-12-05,102
2013-12-06,31
2013-12-07,83
2013-12-08,109
2013-12-09,17
2013-12-10,38
2013-12-11,56
2013-12-12,47
2013-12-13,18
2013-12-14,129
2013-12-15,97
2013-12-16,29
2013-12-17,58
2013-12-18,28
2013-12-19,20
2013-12-20,55
2013-12-21,54
2013-12-22,110
2013-12-23,42
2013-12-24,23
2013-12-25,11
2013-12-26,23
2013-12-27,41
2013-12-28,34
2013-12-29,72
2013-12-30,33
2013-12-31,59
2014-01-01,80
2014-01-02,54
2014-01-03,74
2014-01-04,12
2014-01-05,23
2014-01-06,48
2014-01-07,42
2014-01-08,45
2014-01-09,108
2014-01-10,45
2014-01-11,29
2014-01-12,18
2014-01-13,54
2014-01-14,9
2014-01-15,95
2014-01-16,162
2014-01-17,415
2014-01-18,63
2014-01-19,43
2014-01-20,101
2014-01-21,117
2014-01-22,51
2014-01-23,34
2014-01-24,39
2014-01-25,74
2014-01-26,73
2014-01-27,60
2014-01-28,100
2014-01-29,62
2014-01-30,76
2014-01-31,6
2014-02-01,26
2014-02-02,16
2014-02-03,27
2014-02-04,95
2014-02-05,86
2014-02-06,96
2014-02-07,43
2014-02-08,49
2014-02-09,45
2014-02-10,35
2014-02-11,59
2014-02-12,33
2014-02-13,94
2014-02-14,113
2014-02-15,85
2014-02-16,184
2014-02-17,80
2014-02-18,75
2014-02-19,34
2014-02-20,83
2014-02-21,42
2014-02-22,68
2014-02-23,132
2014-02-24,70
2014-02-25,56
2014-02-26,50
2014-02-27,45
2014-02-28,80
2014-03-01,120
2014-03-02,77
2014-03-03,49
2014-03-04,29
2014-03-05,32
2014-03-06,99
2014-03-07,74
2014-03-08,226
2014-03-09,125
2014-03-10,94
2014-03-11,79
2014-03-12,103
2014-03-13,131
2014-03-14,44
2014-03-15,77
2014-03-16,175
2014-03-17,40
2014-03-18,145
2014-03-19,102
2014-03-20,50
2014-03-21,87
2014-03-22,151
2014-03-23,210
2014-03-24,104
2014-03-25,16
2014-03-26,20
2014-03-27,42
2014-03-28,59
2014-03-29,87
2014-03-30,126
2014-03-31,9
2014-04-01,91
2014-04-02,70
2014-04-03,57
2014-04-04,35
2014-04-05,43
2014-04-06,68
2014-04-07,64
2014-04-08,90
2014-04-09,105
2014-04-10,72
2014-04-11,152
2014-04-12,173
2014-04-13,158
2014-04-14,48
2014-04-15,35
2014-04-16,105
2014-04-17,115
2014-04-18,87
2014-04-19,70
2014-04-20,110
2014-04-21,43
2014-04-22,51
2014-04-23,64
2014-04-24,81
2014-04-25,42
2014-04-26,101
2014-04-27,203
2014-04-28,88
2014-04-29,122
2014-04-30,101
2014-05-01,189
2014-05-02,75
2014-05-03,80
2014-05-04,84
2014-05-05,84
2014-05-06,51
2014-05-07,75
2014-05-08,103
2014-05-09,115
2014-05-10,86
2014-05-11,86
2014-05-12,114
2014-05-13,191
2014-05-14,126
2014-05-15,63
2014-05-16,66
2014-05-17,112
2014-05-18,185
2014-05-19,74
2014-05-20,42
2014-05-21,49
2014-05-22,78
2014-05-23,63
2014-05-24,159
2014-05-25,104
2014-05-26,20
2014-05-27,31
2014-05-28,133
2014-05-29,34
2014-05-30,51
2014-05-31,20
2014-06-01,120
2014-06-02,40
2014-06-03,92
2014-06-04,195
2014-06-05,260
2014-06-06,130
2014-06-07,335
2014-06-08,258
2014-06-09,72
2014-06-10,98
2014-06-11,69
2014-06-12,86
2014-06-13,106
2014-06-14,138
2014-06-15,158
2014-06-16,50
2014-06-17,37
2014-06-18,95
2014-06-19,87
2014-06-20,62
2014-06-21,72
2014-06-22,65
2014-06-23,51
2014-06-24,112
2014-06-25,42
2014-06-26,79
2014-06-27,62
2014-06-28,68
2014-06-29,75
2014-06-30,101
2014-07-01,98
2014-07-02,80
2014-07-03,27
2014-07-04,133
2014-07-05,184
2014-07-06,239
2014-07-07,108
2014-07-08,103
2014-07-09,111
2014-07-10,96
2014-07-11,11
2014-07-12,17
2014-07-13,142
2014-07-14,65
2014-07-15,54
2014-07-16,62
2014-07-17,93
2014-07-18,45
2014-07-19,42
2014-07-20,48
2014-07-21,62
2014-07-22,48
2014-07-23,92
2014-07-24,52
2014-07-25,41
2014-07-26,6
2014-07-27,45
2014-07-28,12
2014-07-29,7
2014-07-30,45
2014-07-31,72
2014-08-01,40
2014-08-02,45
2014-08-03,115
2014-08-04,82
2014-08-05,33
2014-08-06,126
2014-08-07,45
2014-08-08,44
2014-08-09,107
2014-08-10,234
2014-08-11,47
2014-08-12,128
2014-08-13,76
2014-08-14,115
2014-08-15,53
2014-08-16,96
2014-08-17,72
2014-08-18,70
2014-08-19,172
2014-08-20,151
2014-08-21,171
2014-08-22,73
2014-08-23,84
2014-08-24,34
2014-08-25,44
2014-08-26,58
2014-08-27,37
2014-08-28,135
2014-08-29,46
2014-08-30,118
2014-08-31,30
2014-09-01,101
2014-09-02,48
2014-09-03,98
2014-09-04,119
2014-09-05,62
2014-09-06,158
2014-09-07,55
2014-09-08,83
2014-09-09,151
2014-09-10,157
2014-09-11,215
2014-09-12,168
2014-09-13,150
2014-09-14,288
2014-09-15,72
2014-09-16,132
2014-09-17,120
2014-09-18,56
2014-09-19,167
2014-09-20,124
2014-09-21,160
2014-09-22,43
2014-09-23,39
2014-09-24,159
2014-09-25,92
2014-09-26,54
2014-09-27,129
2014-09-28,78
2014-09-29,57
2014-09-30,58
2014-10-01,65
2014-10-02,46
2014-10-03,73
2014-10-04,122
2014-10-05,33
2014-10-06,14
2014-10-07,191
2014-10-08,88
2014-10-09,83
2014-10-10,131
2014-10-11,2901
2014-10-12,340
2014-10-13,211
2014-10-14,258
2014-10-15,339
2014-10-16,604
2014-10-17,317
2014-10-18,305
2014-10-19,450
2014-10-20,108
2014-10-21,153
2014-10-22,13
2014-10-23,112
2014-10-24,48
2014-10-25,16
2014-10-26,98
2014-10-27,74
2014-10-28,189
2014-10-29,208
2014-10-30,172
2014-10-31,98
2014-11-01,119
2014-11-02,29
2014-11-03,124
2014-11-04,48
2014-11-05,63
2014-11-06,91
2014-11-07,47
2014-11-08,104
2014-11-09,210
2014-11-10,80
2014-11-11,235
2014-11-12,185
2014-11-13,176
2014-11-14,86
2014-11-15,71
2014-11-16,145
2014-11-17,77
2014-11-18,111
2014-11-19,109
2014-11-20,269
2014-11-21,122
2014-11-22,55
2014-11-23,75
2014-11-24,97
2014-11-25,169
2014-11-26,69
2014-11-27,110
2014-11-28,123
2014-11-29,126
2014-11-30,119
2014-12-01,114
2014-12-02,111
2014-12-03,146
2014-12-04,206
2014-12-05,109
2014-12-06,50
2014-12-07,127
2014-12-08,161
2014-12-09,192
2014-12-10,119
2014-12-11,120
2014-12-12,135
2014-12-13,65
2014-12-14,44
2014-12-15,170
2014-12-16,174
2014-12-17,189
2014-12-18,190
2014-12-19,176
2014-12-20,39
2014-12-21,52
2014-12-22,126
2014-12-23,168
2014-12-24,72
2014-12-25,15
2014-12-26,109
2014-12-27,30
2014-12-28,69
2014-12-29,104
2014-12-30,72
2014-12-31,83
2015-01-01,89
2015-01-02,33
2015-01-03,16
2015-01-04,30
2015-01-05,36
2015-01-06,83
2015-01-07,81
2015-01-08,36
2015-01-09,34
2015-01-10,73
2015-01-11,82
2015-01-12,48
2015-01-13,115
2015-01-14,74
2015-01-15,114
2015-01-16,47
2015-01-17,172
2015-01-18,107
2015-01-19,163
2015-01-20,186
2015-01-21,118
2015-01-22,72
2015-01-23,57
2015-01-24,69
2015-01-25,50
2015-01-26,128
2015-01-27,182
2015-01-28,122
2015-01-29,56
2015-01-30,57
2015-01-31,63
2015-02-01,159
2015-02-02,277
2015-02-03,750
2015-02-04,143
2015-02-05,62
2015-02-06,105
2015-02-07,174
2015-02-08,57
2015-02-09,81
2015-02-10,68
2015-02-11,70
2015-02-12,277
2015-02-13,60
2015-02-14,52
2015-02-15,28
2015-02-16,98
2015-02-17,89
2015-02-18,76
2015-02-19,14
2015-02-20,12
2015-02-21,18
2015-02-22,58
2015-02-23,80
2015-02-24,107
2015-02-25,74
2015-02-26,44
2015-02-27,72
2015-02-28,109
2015-03-01,68
2015-03-02,90
2015-03-03,91
2015-03-04,92
2015-03-05,175
2015-03-06,121
2015-03-07,78
2015-03-08,147
2015-03-09,97
2015-03-10,133
2015-03-11,119
2015-03-12,118
2015-03-13,121
2015-03-14,107
2015-03-15,44
2015-03-16,145
2015-03-17,87
2015-03-18,207
2015-03-19,45
2015-03-20,66
2015-03-21,15
2015-03-22,32
2015-03-23,230
2015-03-24,151
2015-03-25,103
2015-03-26,67
2015-03-27,181
2015-03-28,93
2015-03-29,83
2015-03-30,153
2015-03-31,113
2015-04-01,166
2015-04-02,65
2015-04-03,80
2015-04-04,32
2015-04-05,164
2015-04-06,129
2015-04-07,178
2015-04-08,108
2015-04-09,233
2015-04-10,275
2015-04-11,312
2015-04-12,148
2015-04-13,134
2015-04-14,152
2015-04-15,100
2015-04-16,198
2015-04-17,97
2015-04-18,112
2015-04-19,101
2015-04-20,202
2015-04-21,137
2015-04-22,127
2015-04-23,165
2015-04-24,115
2015-04-25,125
2015-04-26,154
2015-04-27,50
2015-04-28,69
2015-04-29,122
2015-04-30,10
2015-05-01,41
2015-05-02,85
2015-05-03,169
2015-05-04,5
2015-05-05,56
2015-05-06,69
2015-05-07,142
2015-05-08,103
2015-05-09,138
2015-05-10,198
2015-05-11,101
2015-05-12,81
2015-05-13,70
2015-05-14,62
2015-05-15,187
2015-05-16,241
2015-05-17,78
2015-05-18,45
2015-05-19,32
2015-05-20,75
2015-05-21,61
2015-05-22,88
2015-05-23,254
2015-05-24,191
2015-05-25,89
2015-05-26,104
2015-05-27,62
2015-05-28,42
2015-05-29,64
2015-05-30,213
2015-05-31,81
2015-06-01,78
2015-06-02,164
2015-06-03,26
2015-06-04,93
2015-06-05,73
2015-06-06,50
2015-06-07,68
2015-06-08,31
2015-06-09,117
2015-06-10,121
2015-06-11,98
2015-06-12,120
2015-06-13,265
2015-06-14,103
2015-06-15,101
2015-06-16,118
2015-06-17,133
2015-06-18,78
2015-06-19,100
2015-06-20,41
2015-06-21,88
2015-06-22,153
2015-06-23,138
2015-06-24,134
2015-06-25,65
2015-06-26,89
2015-06-27,162
2015-06-28,47
2015-06-29,93
2015-06-30,126
2015-07-01,65
2015-07-02,127
2015-07-03,56
2015-07-04,103
2015-07-05,61
2015-07-06,54
2015-07-07,94
2015-07-08,82
2015-07-09,128
2015-07-10,57
2015-07-11,63
2015-07-12,52
2015-07-13,135
2015-07-14,100
2015-07-15,111
2015-07-16,89
2015-07-17,32
2015-07-18,81
2015-07-19,16
2015-07-20,154
2015-07-21,70
2015-07-22,75
2015-07-23,82
2015-07-24,58
2015-07-25,66
2015-07-26,127
2015-07-27,136
2015-07-28,122
2015-07-29,39
2015-07-30,133
2015-07-31,78
2015-08-01,81
2015-08-02,91
2015-08-03,84
2015-08-04,95
2015-08-05,128
2015-08-06,63
2015-08-07,36
2015-08-08,26
2015-08-09,140
2015-08-10,97
2015-08-11,245
2015-08-12,164
2015-08-13,185
2015-08-14,48
2015-08-15,79
2015-08-16,53
2015-08-17,141
2015-08-18,59
2015-08-19,135
2015-08-20,166
2015-08-21,68
2015-08-22,103
2015-08-23,68
2015-08-24,77
2015-08-25,70
2015-08-26,112
2015-08-27,93
2015-08-28,130
2015-08-29,61
2015-08-30,73
2015-08-31,21
2015-09-01,122
2015-09-02,101
2015-09-03,77
2015-09-04,137
2015-09-05,329
2015-09-06,83
2015-09-07,101
2015-09-08,117
2015-09-09,169
2015-09-10,222
2015-09-11,106
2015-09-12,194
2015-09-13,144
2015-09-14,149
2015-09-15,175
2015-09-16,77
2015-09-17,65
2015-09-18,77
2015-09-19,174
2015-09-20,112
2015-09-21,70
2015-09-22,75
2015-09-23,30
2015-09-24,78
2015-09-25,15
2015-09-26,44
2015-09-27,53
2015-09-28,50
2015-09-29,146
2015-09-30,85
2015-10-01,160
2015-10-02,135
2015-10-03,3906
2015-10-04,228
2015-10-05,193
2015-10-06,606
2015-10-07,399
2015-10-08,624
2015-10-09,194
2015-10-10,667
2015-10-11,547
2015-10-12,145
2015-10-13,260
2015-10-14,47
2015-10-15,217
2015-10-16,159
2015-10-17,259
2015-10-18,277
2015-10-19,244
2015-10-20,116
2015-10-21,141
2015-10-22,325
2015-10-23,179
2015-10-24,259
2015-10-25,92
2015-10-26,162
2015-10-27,299
2015-10-28,168
2015-10-29,171
2015-10-30,218
2015-10-31,128
2015-11-01,118
2015-11-02,170
2015-11-03,188
2015-11-04,130
2015-11-05,214
2015-11-06,174
2015-11-07,330
2015-11-08,78
2015-11-09,82
2015-11-10,82
2015-11-11,68
2015-11-12,63
2015-11-13,65
2015-11-14,31
2015-11-15,115
2015-11-16,144
2015-11-17,121
2015-11-18,210
2015-11-19,231
2015-11-20,50
2015-11-21,175
2015-11-22,64
2015-11-23,70
2015-11-24,128
2015-11-25,80
2015-11-26,83
2015-11-27,25
2015-11-28,143
2015-11-29,59
2015-11-30,113
2015-12-01,85
2015-12-02,244
2015-12-03,129
2015-12-04,104
2015-12-05,58
2015-12-06,83
2015-12-07,111
2015-12-08,161
2015-12-09,135
2015-12-10,248
2015-12-11,73
2015-12-12,51
2015-12-13,113
2015-12-14,90
2015-12-15,109
2015-12-16,128
2015-12-17,86
2015-12-18,100
2015-12-19,68
2015-12-20,117
2015-12-21,144
2015-12-22,157
2015-12-23,76
2015-12-24,36
2015-12-25,61
2015-12-26,86
2015-12-27,44
2015-12-28,46
2015-12-29,69
2015-12-30,71
2015-12-31,271
2016-01-01,58
2016-01-02,53
2016-01-03,64
2016-01-04,177
2016-01-05,61
2016-01-06,159
2016-01-07,107
2016-01-08,74
2016-01-09,34
2016-01-10,199
2016-01-11,160
2016-01-12,89
2016-01-13,272
2016-01-14,115
2016-01-15,84
2016-01-16,94
2016-01-17,145
2016-01-18,129
2016-01-19,183
2016-01-20,220
2016-01-21,170
2016-01-22,97
2016-01-23,78
2016-01-24,263
2016-01-25,33
2016-01-26,121
2016-01-27,77
2016-01-28,43
2016-01-29,45
2016-01-30,9
2016-01-31,43
2016-02-01,110
2016-02-02,169
2016-02-03,114
2016-02-04,144
2016-02-05,10
2016-02-06,6
2016-02-07,4
2016-02-08,5
2016-02-09,12
2016-02-10,47
2016-02-11,50
2016-02-12,45
2016-02-13,53
2016-02-14,106
2016-02-15,79
2016-02-16,20
2016-02-17,98
2016-02-18,86
2016-02-19,97
2016-02-20,76
2016-02-21,63
2016-02-22,89
2016-02-23,57
2016-02-24,65
2016-02-25,95
2016-02-26,54
2016-02-27,56
2016-02-28,107
2016-02-29,23
2016-03-01,18
2016-03-02,97
2016-03-03,60
2016-03-04,77
2016-03-05,22
2016-03-06,74
2016-03-07,40
2016-03-08,41
2016-03-09,114
2016-03-10,302
2016-03-11,210
2016-03-12,25
2016-03-13,83
2016-03-14,180
2016-03-15,184
2016-03-16,90
2016-03-17,49
2016-03-18,85
2016-03-19,44
2016-03-20,73
2016-03-21,124
2016-03-22,69
2016-03-23,114
2016-03-24,151
2016-03-25,68
2016-03-26,71
2016-03-27,28
2016-03-28,122
2016-03-29,137
2016-03-30,184
2016-03-31,164
2016-04-01,42
2016-04-02,53
2016-04-03,59
2016-04-04,96
2016-04-05,47
2016-04-06,65
2016-04-07,158
2016-04-08,39
2016-04-09,77
2016-04-10,96
2016-04-11,59
2016-04-12,86
2016-04-13,111
2016-04-14,146
2016-04-15,48
2016-04-16,230
2016-04-17,166
2016-04-18,71
2016-04-19,64
2016-04-20,79
2016-04-21,79
2016-04-22,54
2016-04-23,57
2016-04-24,94
2016-04-25,107
2016-04-26,90
2016-04-27,121
2016-04-28,143
2016-04-29,114
2016-04-30,82
2016-05-01,56
2016-05-02,131
2016-05-03,87
2016-05-04,74
2016-05-05,150
2016-05-06,60
2016-05-07,51
2016-05-08,84
2016-05-09,70
2016-05-10,89
2016-05-11,86
2016-05-12,54
2016-05-13,34
2016-05-14,23
2016-05-15,49
2016-05-16,35
2016-05-17,53
2016-05-18,40
2016-05-19,45
2016-05-20,36
2016-05-21,243
2016-05-22,257
2016-05-23,64
2016-05-24,149
2016-05-25,83
2016-05-26,113
2016-05-27,159
2016-05-28,113
2016-05-29,103
2016-05-30,93
2016-05-31,124
2016-06-01,148
2016-06-02,84
2016-06-03,88
2016-06-04,78
2016-06-05,72
2016-06-06,52
2016-06-07,77
2016-06-08,63
2016-06-09,58
2016-06-10,157
2016-06-11,44
2016-06-12,140
2016-06-13,76
2016-06-14,60
2016-06-15,28
2016-06-16,29
2016-06-17,26
2016-06-18,45
2016-06-19,123
2016-06-20,43
2016-06-21,74
2016-06-22,55
2016-06-23,32
2016-06-24,37
2016-06-25,72
2016-06-26,104
2016-06-27,77
2016-06-28,35
2016-06-29,30
2016-06-30,85
2016-07-01,15
2016-07-02,16
2016-07-03,82
2016-07-04,33
2016-07-05,17
2016-07-06,6
2016-07-07,7
2016-07-08,13
2016-07-09,7
2016-07-10,37
2016-07-11,25
2016-07-12,27
2016-07-13,50
2016-07-14,39
2016-07-15,16
2016-07-16,100
2016-07-17,107
2016-07-18,45
2016-07-19,45
2016-07-20,72
2016-07-21,86
2016-07-22,34
2016-07-23,89
2016-07-24,89
2016-07-25,95
2016-07-26,24
2016-07-27,73
2016-07-28,32
2016-07-29,29
2016-07-30,47
2016-07-31,52
2016-08-01,17
2016-08-02,17
2016-08-03,71
2016-08-04,82
2016-08-05,72
2016-08-06,87
2016-08-07,16
2016-08-08,67
2016-08-09,73
2016-08-10,111
2016-08-11,44
2016-08-12,75
2016-08-13,42
2016-08-14,265
2016-08-15,87
2016-08-16,48
2016-08-17,96
2016-08-18,122
2016-08-19,27
2016-08-20,80
2016-08-21,28
2016-08-22,59
2016-08-23,230
2016-08-24,175
2016-08-25,50
2016-08-26,101
2016-08-27,42
2016-08-28,106
2016-08-29,89
2016-08-30,48
2016-08-31,87
2016-09-01,59
2016-09-02,43
2016-09-03,241
2016-09-04,31
2016-09-05,15
2016-09-06,176
2016-09-07,48
2016-09-08,101
2016-09-09,28
2016-09-10,42
2016-09-11,9
2016-09-12,31
2016-09-13,41
2016-09-14,20
2016-09-15,32
2016-09-16,29
2016-09-17,8
2016-09-18,23
2016-09-19,133
2016-09-20,70
2016-09-21,91
2016-09-22,105
2016-09-23,130
2016-09-24,185
2016-09-25,77
2016-09-26,43
2016-09-27,104
2016-09-28,40
2016-09-29,330
2016-09-30,28
2016-10-01,25
2016-10-02,41
2016-10-03,77
2016-10-04,156
2016-10-05,283
2016-10-06,301
2016-10-07,182
2016-10-08,3270
2016-10-09,166
2016-10-10,545
2016-10-11,314
2016-10-12,490
2016-10-13,398
2016-10-14,222
2016-10-15,355
2016-10-16,147
2016-10-17,232
2016-10-18,226
2016-10-19,131
2016-10-20,180
2016-10-21,124
2016-10-22,181
2016-10-23,35
2016-10-24,192
2016-10-25,33
2016-10-26,124
2016-10-27,97
2016-10-28,42
2016-10-29,18
2016-10-30,83
2016-10-31,22
2016-11-01,81
2016-11-02,130
2016-11-03,110
2016-11-04,25
2016-11-05,29
2016-11-06,34
2016-11-07,79
2016-11-08,108
2016-11-09,132
2016-11-10,98
2016-11-11,35
2016-11-12,38
2016-11-13,36
2016-11-14,54
2016-11-15,96
2016-11-16,99
2016-11-17,100
2016-11-18,83
2016-11-19,31
2016-11-20,37
2016-11-21,48
2016-11-22,40
2016-11-23,145
2016-11-24,70
2016-11-25,70
2016-11-26,38
2016-11-27,34
2016-11-28,108
2016-11-29,74
2016-11-30,124
2016-12-01,85
2016-12-02,113
2016-12-03,21
2016-12-04,14
2016-12-05,31
2016-12-06,36
2016-12-07,31
2016-12-08,71
2016-12-09,31
2016-12-10,25
2016-12-11,8
2016-12-12,24
2016-12-13,111
2016-12-14,84
2016-12-15,56
2016-12-16,17
2016-12-17,36
2016-12-18,72
2016-12-19,69
2016-12-20,49
2016-12-21,49
2016-12-22,64
2016-12-23,17
2016-12-24,18
2016-12-25,7
2016-12-26,17
2016-12-27,97
2016-12-28,44
2016-12-29,48
2016-12-30,72
2016-12-31,8
2017-01-01,19
2017-01-02,23
2017-01-03,48
2017-01-04,21
2017-01-05,93
2017-01-06,16
2017-01-07,73
2017-01-08,27
2017-01-09,74
2017-01-10,58
2017-01-11,58
2017-01-12,39
2017-01-13,22
2017-01-14,61
2017-01-15,19
2017-01-16,75
2017-01-17,100
2017-01-18,140
2017-01-19,136
2017-01-20,54
2017-01-21,60
2017-01-22,36
2017-01-23,30
2017-01-24,77
2017-01-25,57
2017-01-26,42
2017-01-27,72
2017-01-28,44
2017-01-29,23
2017-01-30,33
2017-01-31,38
2017-02-01,31
2017-02-02,72
2017-02-03,59
2017-02-04,9
2017-02-05,60
2017-02-06,38
2017-02-07,61
2017-02-08,71
2017-02-09,214
2017-02-10,74
2017-02-11,25
2017-02-12,71
2017-02-13,174
2017-02-14,109
2017-02-15,65
2017-02-16,41
2017-02-17,151
2017-02-18,96
2017-02-19,52
2017-02-20,51
2017-02-21,47
2017-02-22,99
2017-02-23,59
2017-02-24,44
2017-02-25,76
2017-02-26,36
2017-02-27,82
2017-02-28,124
2017-03-01,19
2017-03-02,64
2017-03-03,100
2017-03-04,50
2017-03-05,46
2017-03-06,55
2017-03-07,25
2017-03-08,74
2017-03-09,43
2017-03-10,94
2017-03-11,52
2017-03-12,42
2017-03-13,58
2017-03-14,48
2017-03-15,33
2017-03-16,185
2017-03-17,34
2017-03-18,101
2017-03-19,80
2017-03-20,50
2017-03-21,156
2017-03-22,76
2017-03-23,89
2017-03-24,17
2017-03-25,153
2017-03-26,161
2017-03-27,75
2017-03-28,164
2017-03-29,50
2017-03-30,82
2017-03-31,71
2017-04-01,132
2017-04-02,48
2017-04-03,29
2017-04-04,38
2017-04-05,48
2017-04-06,133
2017-04-07,97
2017-04-08,113
2017-04-09,104
2017-04-10,58
2017-04-11,69
2017-04-12,72
2017-04-13,105
2017-04-14,36
2017-04-15,54
2017-04-16,62
2017-04-17,41
2017-04-18,29
2017-04-19,6
2017-04-20,16
2017-04-21,4
2017-04-22,49
2017-04-23,70
2017-04-24,4
2017-04-25,40
2017-04-26,30
2017-04-27,46
2017-04-28,78
2017-04-29,33
2017-04-30,10
2017-05-01,111
2017-05-02,22
2017-05-03,86
2017-05-04,38
2017-05-05,21
2017-05-06,36
2017-05-07,87
2017-05-08,27
2017-05-09,68
2017-05-10,54
2017-05-11,55
2017-05-12,54
2017-05-13,51
2017-05-14,70
2017-05-15,70
2017-05-16,70
2017-05-17,50
2017-05-18,32
2017-05-19,29
2017-05-20,78
2017-05-21,243
2017-05-22,46
2017-05-23,69
2017-05-24,79
2017-05-25,70
2017-05-26,50
2017-05-27,21
2017-05-28,20
2017-05-29,95
2017-05-30,53
2017-05-31,52
2017-06-01,61
2017-06-02,31
2017-06-03,12
2017-06-04,27
2017-06-05,222
2017-06-06,66
2017-06-07,122
2017-06-08,59
2017-06-09,52
2017-06-10,24
2017-06-11,19
2017-06-12,45
2017-06-13,103
2017-06-14,43
2017-06-15,56
2017-06-16,32
2017-06-17,21
2017-06-18,69
2017-06-19,99
2017-06-20,46
2017-06-21,36
2017-06-22,81
2017-06-23,88
2017-06-24,13
2017-06-25,4
2017-06-26,8
2017-06-27,11
2017-06-28,75
2017-06-29,30
2017-06-30,25
2017-07-01,20
2017-07-02,68
2017-07-03,19
2017-07-04,47
2017-07-05,13
2017-07-06,24
2017-07-07,20
2017-07-08,44
2017-07-09,14
2017-07-10,45
2017-07-11,70
2017-07-12,48
2017-07-13,48
2017-07-14,69
2017-07-15,4
2017-07-16,55
2017-07-17,67
2017-07-18,24
2017-07-19,34
2017-07-20,22
2017-07-21,83
2017-07-22,120
2017-07-23,62
2017-07-24,73
2017-07-25,27
2017-07-26,58
2017-07-27,104
2017-07-28,35
2017-07-29,90
2017-07-30,143
2017-07-31,27
2017-08-01,43
2017-08-02,65
2017-08-03,23
2017-08-04,67
2017-08-05,242
2017-08-06,22
2017-08-07,115
2017-08-08,169
2017-08-09,22
2017-08-10,38
2017-08-11,46
2017-08-12,66
2017-08-13,138
2017-08-14,46
2017-08-15,41
2017-08-16,88
2017-08-17,232
2017-08-18,48
2017-08-19,77
2017-08-20,50
2017-08-21,141
2017-08-22,50
2017-08-23,49
2017-08-24,61
2017-08-25,29
2017-08-26,32
2017-08-27,46
2017-08-28,19
2017-08-29,81
2017-08-30,46
2017-08-31,15
2017-09-01,20
2017-09-02,18
2017-09-03,4
2017-09-04,11
2017-09-05,149
2017-09-06,58
2017-09-07,56
2017-09-08,66
2017-09-09,59
2017-09-10,99
2017-09-11,138
2017-09-12,129
2017-09-13,116
2017-09-14,178
2017-09-15,60
2017-09-16,175
2017-09-17,141
2017-09-18,77
2017-09-19,97
2017-09-20,93
2017-09-21,43
2017-09-22,14
2017-09-23,42
2017-09-24,108
2017-09-25,144
2017-09-26,54
2017-09-27,107
2017-09-28,98
2017-09-29,66
2017-09-30,275
2017-10-01,79
2017-10-02,37
2017-10-03,81
2017-10-04,270
2017-10-05,103
2017-10-06,63
2017-10-07,804
2017-10-08,490
2017-10-09,304
2017-10-10,303
2017-10-11,355
2017-10-12,383
2017-10-13,180
2017-10-14,132
2017-10-15,106
2017-10-16,183
2017-10-17,88
2017-10-18,76
2017-10-19,139
2017-10-20,68
2017-10-21,65
2017-10-22,206
2017-10-23,93
2017-10-24,285
2017-10-25,204
2017-10-26,210
2017-10-27,211
2017-10-28,117
2017-10-29,83
2017-10-30,208
2017-10-31,342
2017-11-01,201
2017-11-02,177
2017-11-03,74
2017-11-04,71
2017-11-05,76
2017-11-06,158
2017-11-07,160
2017-11-08,153
2017-11-09,213
2017-11-10,118
2017-11-11,103
2017-11-12,66
2017-11-13,42
2017-11-14,114
2017-11-15,149
2017-11-16,182
2017-11-17,137
2017-11-18,42
2017-11-19,36
2017-11-20,163
2017-11-21,92
2017-11-22,80
2017-11-23,175
2017-11-24,247
2017-11-25,139
2017-11-26,125
2017-11-27,137
2017-11-28,173
2017-11-29,362
2017-11-30,218
2017-12-01,56
2017-12-02,30
2017-12-03,23
2017-12-04,168
2017-12-05,92
2017-12-06,119
2017-12-07,161
2017-12-08,140
2017-12-09,19
2017-12-10,84
2017-12-11,199
2017-12-12,166
2017-12-13,133
2017-12-14,74
2017-12-15,52
2017-12-16,9
2017-12-17,31
2017-12-18,58
2017-12-19,84
2017-12-20,77
2017-12-21,91
2017-12-22,57
2017-12-23,88
2017-12-24,21
2017-12-25,16
2017-12-26,46
2017-12-27,55
2017-12-28,113
2017-12-29,83
2017-12-30,38
2017-12-31,49
2018-01-01,86
2018-01-02,109
2018-01-03,113
2018-01-04,84
2018-01-05,68
2018-01-06,35
2018-01-07,55
2018-01-08,85
2018-01-09,43
2018-01-10,42
2018-01-11,32
2018-01-12,43
2018-01-13,56
2018-01-14,107
2018-01-15,90
2018-01-16,60
2018-01-17,46
2018-01-18,181
2018-01-19,38
2018-01-20,121
2018-01-21,173
2018-01-22,97
2018-01-23,122
2018-01-24,69
2018-01-25,47
2018-01-26,53
2018-01-27,104
2018-01-28,99
2018-01-29,25
2018-01-30,99
2018-01-31,339
2018-02-01,58
2018-02-02,32
2018-02-03,24
2018-02-04,49
2018-02-05,50
2018-02-06,53
2018-02-07,125
2018-02-08,78
2018-02-09,46
2018-02-10,77
2018-02-11,15
2018-02-12,109
2018-02-13,100
2018-02-14,238
2018-02-15,16
2018-02-16,23
2018-02-17,9
2018-02-18,14
2018-02-19,35
2018-02-20,80
2018-02-21,73
2018-02-22,25
2018-02-23,31
2018-02-24,29
2018-02-25,30
2018-02-26,30
2018-02-27,62
2018-02-28,61
2018-03-01,23
2018-03-02,35
2018-03-03,165
2018-03-04,53
2018-03-05,55
2018-03-06,26
2018-03-07,40
2018-03-08,99
2018-03-09,22
2018-03-10,71
2018-03-11,118
2018-03-12,23
2018-03-13,43
2018-03-14,65
2018-03-15,80
2018-03-16,38
2018-03-17,38
2018-03-18,111
2018-03-19,28
2018-03-20,36
2018-03-21,56
2018-03-22,149
2018-03-23,23
2018-03-24,60
2018-03-25,25
2018-03-26,24
2018-03-27,36
2018-03-28,71
2018-03-29,52
2018-03-30,21
2018-03-31,58
2018-04-01,10
2018-04-02,46
2018-04-03,53
2018-04-04,38
2018-04-05,91
2018-04-06,20
2018-04-07,76
2018-04-08,104
2018-04-09,43
2018-04-10,21
2018-04-11,66
2018-04-12,192
2018-04-13,25
2018-04-14,66
2018-04-15,50
2018-04-16,72
2018-04-17,153
2018-04-18,116
2018-04-19,107
2018-04-20,50
2018-04-21,131
2018-04-22,38
2018-04-23,33
2018-04-24,41
2018-04-25,58
2018-04-26,84
2018-04-27,79
2018-04-28,103
2018-04-29,106
2018-04-30,36
2018-05-01,30
2018-05-02,40
2018-05-03,31
2018-05-04,33
2018-05-05,45
2018-05-06,187
2018-05-07,34
2018-05-08,41
2018-05-09,13
2018-05-10,38
2018-05-11,9
2018-05-12,114
2018-05-13,46
2018-05-14,21
2018-05-15,60
2018-05-16,123
2018-05-17,12
2018-05-18,13
2018-05-19,27
2018-05-20,97
2018-05-21,14
2018-05-22,22
2018-05-23,23
2018-05-24,11
2018-05-25,39
2018-05-26,21
2018-05-27,90
2018-05-28,57
2018-05-29,181
2018-05-30,37
2018-05-31,32
2018-06-01,52
2018-06-02,84
2018-06-03,139
2018-06-04,45
2018-06-05,18
2018-06-06,146
2018-06-07,23
2018-06-08,22
2018-06-09,25
2018-06-10,172
2018-06-11,21
2018-06-12,14
2018-06-13,36
2018-06-14,12
2018-06-15,14
2018-06-16,7
2018-06-17,8
2018-06-18,16
2018-06-19,29
2018-06-20,32
2018-06-21,28
2018-06-22,12
2018-06-23,16
2018-06-24,20
2018-06-25,26
2018-06-26,106
2018-06-27,21
2018-06-28,25
2018-06-29,14
2018-06-30,28
2018-07-01,66
2018-07-02,100
2018-07-03,50
2018-07-04,25
2018-07-05,40
2018-07-06,130
2018-07-07,63
2018-07-08,155
2018-07-09,41
2018-07-10,116
2018-07-11,42
2018-07-12,61
2018-07-13,11
2018-07-14,80
2018-07-15,30
2018-07-16,42
2018-07-17,67
2018-07-18,65
2018-07-19,25
2018-07-20,44
2018-07-21,17
2018-07-22,26
2018-07-23,20
2018-07-24,29
2018-07-25,67
2018-07-26,33
2018-07-27,21
2018-07-28,34
2018-07-29,48
2018-07-30,60
2018-07-31,51
2018-08-01,76
2018-08-02,70
2018-08-03,21
2018-08-04,47
2018-08-05,37
2018-08-06,72
2018-08-07,33
2018-08-08,74
2018-08-09,57
2018-08-10,198
2018-08-11,60
2018-08-12,52
2018-08-13,24
2018-08-14,113
2018-08-15,77
2018-08-16,35
2018-08-17,54
2018-08-18,13
2018-08-19,15
2018-08-20,4
2018-08-21,20
2018-08-22,2
2018-08-23,2
2018-08-24,8
2018-08-25,6
2018-08-26,22
2018-08-27,47
2018-08-28,7
2018-08-29,21
2018-08-30,2
2018-08-31,59
2018-09-01,18
2018-09-02,16
2018-09-03,10
2018-09-04,11
2018-09-05,13
2018-09-06,40
2018-09-07,4
2018-09-08,7
2018-09-09,5
2018-09-10,17
2018-09-11,3
2018-09-12,4
2018-09-13,7
2018-09-14,14
2018-09-15,18
2018-09-16,94
2018-09-17,55
2018-09-18,3
2018-09-19,2
2018-09-20,3
2018-09-21,6
2018-09-22,132
2018-09-23,84
2018-09-24,16
2018-09-25,15
2018-09-26,111
2018-09-27,140
2018-09-28,68
2018-09-29,80
2018-09-30,63
2018-10-01,1379
2018-10-02,39
2018-10-03,67
2018-10-04,28
2018-10-05,18
2018-10-06,302
2018-10-07,12
2018-10-08,94
2018-10-09,96
2018-10-10,234
2018-10-11,110
2018-10-12,91
2018-10-13,198
2018-10-14,134
2018-10-15,37
2018-10-16,52
2018-10-17,302
2018-10-18,52
2018-10-19,86
2018-10-20,151
2018-10-21,57
2018-10-22,19
2018-10-23,23
2018-10-24,36
2018-10-25,9
2018-10-26,3
2018-10-27,3
2018-10-28,26
2018-10-29,9
2018-10-30,23
2018-10-31,8
2018-11-01,98
2018-11-02,38
2018-11-03,43
2018-11-04,68
2018-11-05,3
2018-11-06,45
2018-11-07,8
2018-11-08,16
2018-11-09,3
2018-11-10,93
2018-11-11,8
2018-11-12,9
2018-11-13,12
2018-11-14,63
2018-11-15,13
2018-11-16,5
2018-11-17,13
2018-11-18,63
2018-11-19,1
2018-11-20,4
2018-11-21,9
2018-11-22,35
2018-11-23,89
2018-11-24,47
2018-11-25,52
2018-11-26,8
2018-11-27,352
2018-11-28,3
2018-11-29,14
2018-11-30,8
2018-12-01,16
2018-12-02,124
2018-12-03,9
2018-12-04,31
2018-12-05,20
2018-12-06,14
2018-12-07,10
2018-12-08,51
2018-12-09,21
2018-12-10,42
2018-12-11,9
2018-12-12,10
2018-12-13,3
2018-12-14,1
2018-12-15,1
2018-12-16,2
2018-12-17,3
2018-12-18,2
2018-12-19,2
2018-12-20,2
2018-12-21,3
2018-12-22,4
2018-12-23,2
2018-12-24,0
2018-12-25,0
2018-12-26,4
2018-12-27,7
2018-12-28,5
2018-12-29,1
2018-12-30,3
2018-12-31,9
2019-01-01,11
2019-01-02,22
2019-01-03,53
2019-01-04,9
2019-01-05,2
2019-01-06,40
2019-01-07,15
2019-01-08,10
2019-01-09,103
2019-01-10,42
2019-01-11,136
2019-01-12,65
2019-01-13,86
2019-01-14,59
2019-01-15,47
2019-01-16,56
2019-01-17,18
2019-01-18,76
2019-01-19,53
2019-01-20,84
2019-01-21,288
2019-01-22,30
2019-01-23,107
2019-01-24,34
2019-01-25,60
2019-01-26,64
2019-01-27,38
2019-01-28,42
2019-01-29,79
2019-01-30,46
2019-01-31,40
2019-02-01,192
2019-02-02,70
2019-02-03,42
2019-02-04,20
2019-02-05,2
2019-02-06,3
2019-02-07,23
2019-02-08,8
2019-02-09,31
2019-02-10,38
2019-02-11,48
2019-02-12,97
2019-02-13,203
2019-02-14,45
2019-02-15,61
2019-02-16,54
2019-02-17,61
2019-02-18,106
2019-02-19,49
2019-02-20,48
2019-02-21,266
2019-02-22,28
2019-02-23,92
2019-02-24,159
2019-02-25,63
2019-02-26,34
2019-02-27,56
2019-02-28,85
2019-03-01,66
2019-03-02,46
2019-03-03,52
2019-03-04,97
2019-03-05,89
2019-03-06,30
2019-03-07,74
2019-03-08,20
2019-03-09,24
2019-03-10,26
2019-03-11,7
2019-03-12,60
2019-03-13,34
2019-03-14,48
2019-03-15,10
2019-03-16,26
2019-03-17,37
2019-03-18,26
2019-03-19,32
2019-03-20,51
2019-03-21,50
2019-03-22,37
2019-03-23,47
2019-03-24,53
2019-03-25,10
2019-03-26,11
2019-03-27,29
2019-03-28,8
2019-03-29,26
2019-03-30,78
2019-03-31,145
2019-04-01,14
2019-04-02,48
2019-04-03,19
2019-04-04,24
2019-04-05,53
2019-04-06,77
2019-04-07,39
2019-04-08,50
2019-04-09,94
2019-04-10,117
2019-04-11,188
2019-04-12,76
2019-04-13,102
2019-04-14,141
2019-04-15,11
2019-04-16,106
2019-04-17,64
2019-04-18,20
2019-04-19,66
2019-04-20,15
2019-04-21,62
2019-04-22,25
2019-04-23,60
2019-04-24,60
2019-04-25,22
2019-04-26,19
2019-04-27,91
2019-04-28,43
2019-04-29,54
2019-04-30,71
2019-05-01,52
2019-05-02,3
2019-05-03,42
2019-05-04,47
2019-05-05,79
2019-05-06,1
2019-05-07,4
2019-05-08,9
2019-05-09,4
2019-05-10,11
2019-05-11,8
2019-05-12,49
2019-05-13,11
2019-05-14,4
2019-05-15,40
2019-05-16,81
2019-05-17,16
2019-05-18,74
2019-05-19,150
2019-05-20,2
2019-05-21,12
2019-05-22,15
2019-05-23,23
2019-05-24,2
2019-05-25,16
2019-05-26,49
2019-05-27,2
2019-05-28,18
2019-05-29,2
2019-05-30,3
2019-05-31,5
2019-06-01,5
2019-06-02,13
2019-06-03,10
2019-06-04,39
2019-06-05,4
2019-06-06,1
2019-06-07,2
2019-06-08,29
2019-06-09,4
2019-06-10,138
2019-06-11,2
2019-06-12,10
2019-06-13,6
2019-06-14,4
2019-06-15,6
2019-06-16,98
2019-06-17,15
2019-06-18,50
2019-06-19,12
2019-06-20,105
2019-06-21,9
2019-06-22,8
2019-06-23,21
2019-06-24,7
2019-06-25,18
2019-06-26,62
2019-06-27,35
2019-06-28,11
2019-06-29,27
2019-06-30,115
2019-07-01,15
2019-07-02,40
2019-07-03,15
2019-07-04,24
2019-07-05,10
2019-07-06,10
2019-07-07,11
2019-07-08,17
2019-07-09,37
2019-07-10,50
2019-07-11,27
2019-07-12,1
2019-07-13,24
2019-07-14,5
2019-07-15,24
2019-07-16,43
2019-07-17,168
2019-07-18,14
2019-07-19,8
2019-07-20,26
2019-07-21,4
2019-07-22,75
2019-07-23,42
2019-07-24,120
2019-07-25,25
2019-07-26,7
2019-07-27,102
2019-07-28,23
2019-07-29,18
2019-07-30,7
2019-07-31,5
2019-08-01,46
2019-08-02,2
2019-08-03,81
2019-08-04,34
2019-08-05,7
2019-08-06,36
2019-08-07,28
2019-08-08,55
2019-08-09,33
2019-08-10,65
2019-08-11,25
2019-08-12,7
2019-08-13,1
2019-08-14,39
2019-08-15,54
2019-08-16,5
2019-08-17,14
2019-08-18,56
2019-08-19,1
2019-08-20,5
2019-08-21,31
2019-08-22,178
2019-08-23,146
2019-08-24,3
2019-08-25,29
2019-08-26,15
2019-08-27,15
2019-08-28,36
2019-08-29,46
2019-08-30,10
2019-08-31,0
2019-09-01,10
2019-09-02,14
2019-09-03,8
2019-09-04,2
2019-09-05,25
2019-09-06,6
2019-09-07,45
2019-09-08,56
2019-09-09,13
2019-09-10,167
2019-09-11,6
2019-09-12,18
2019-09-13,7
2019-09-14,36
2019-09-15,86
2019-09-16,52
2019-09-17,17
2019-09-18,26
2019-09-19,12
2019-09-20,3
2019-09-21,118
2019-09-22,36
2019-09-23,33
2019-09-24,49
2019-09-25,32
2019-09-26,53
2019-09-27,18
2019-09-28,35
2019-09-29,75
2019-09-30,12
2019-10-01,220
2019-10-02,23
2019-10-03,15
2019-10-04,30
2019-10-05,1
2019-10-06,83
2019-10-07,217
2019-10-08,99
2019-10-09,110
2019-10-10,79
2019-10-11,231
2019-10-12,101
2019-10-13,74
2019-10-14,32
2019-10-15,47
2019-10-16,22
2019-10-17,3
2019-10-18,1
2019-10-19,23
2019-10-20,42
2019-10-21,34
2019-10-22,8
2019-10-23,9
2019-10-24,13
2019-10-25,11
2019-10-26,17
2019-10-27,13
2019-10-28,2
2019-10-29,7
2019-10-30,47
2019-10-31,78
2019-11-01,100
2019-11-02,8
2019-11-03,41
2019-11-04,13
2019-11-05,17
2019-11-06,31
2019-11-07,39
2019-11-08,6
2019-11-09,20
2019-11-10,16
2019-11-11,22
2019-11-12,32
2019-11-13,64
2019-11-14,104
2019-11-15,88
2019-11-16,33
2019-11-17,78
2019-11-18,2
2019-11-19,6
2019-11-20,17
2019-11-21,17
2019-11-22,10
2019-11-23,45
2019-11-24,131
2019-11-25,6
2019-11-26,25
2019-11-27,30
2019-11-28,138
2019-11-29,31
2019-11-30,77
2019-12-01,58
2019-12-02,12
2019-12-03,16
2019-12-04,37
2019-12-05,15
2019-12-06,4
2019-12-07,9
2019-12-08,6
2019-12-09,16
2019-12-10,39
2019-12-11,7
2019-12-12,4
2019-12-13,35
2019-12-14,7
2019-12-15,43
2019-12-16,18
2019-12-17,23
2019-12-18,25
2019-12-19,22
2019-12-20,4
2019-12-21,9
2019-12-22,9
2019-12-23,20
2019-12-24,2
2019-12-25,1
2019-12-26,6
2019-12-27,4
2019-12-28,1
2019-12-29,30
2019-12-30,2
2019-12-31,0
2020-01-01,118
2020-01-02,0
2020-01-03,4
2020-01-04,15
2020-01-05,28
2020-01-06,1
2020-01-07,9
2020-01-08,1
2020-01-09,5
2020-01-10,5
2020-01-11,2
2020-01-12,21
2020-01-13,56
2020-01-14,2
2020-01-15,46
2020-01-16,5
2020-01-17,7
2020-01-18,69
2020-01-19,2
2020-01-20,56
2020-01-21,133
2020-01-22,20
2020-01-23,6
2020-01-24,8
2020-01-25,1
2020-01-26,7
2020-01-27,0
2020-01-28,7
2020-01-29,49
2020-01-30,24
2020-01-31,7
2020-02-01,13
2020-02-02,13
2020-02-03,6
2020-02-04,2
2020-02-05,87
2020-02-06,29
2020-02-07,38
2020-02-08,62
2020-02-09,23
2020-02-10,0
2020-02-11,8
2020-02-12,21
2020-02-13,2
2020-02-14,1
2020-02-15,10
2020-02-16,25
2020-02-17,15
2020-02-18,6
2020-02-19,21
2020-02-20,30
2020-02-21,16
2020-02-22,12
2020-02-23,21
2020-02-24,12
2020-02-25,18
2020-02-26,109
2020-02-27,15
2020-02-28,17
2020-02-29,18
2020-03-01,33
2020-03-02,5
2020-03-03,2
2020-03-04,95
2020-03-05,6
2020-03-06,0
2020-03-07,0
2020-03-08,0
2020-03-09,1
2020-03-10,74
2020-03-11,99
2020-03-12,26
2020-03-13,2
2020-03-14,8
2020-03-15,2
2020-03-16,1
2020-03-17,4
2020-03-18,8
2020-03-19,0
2020-03-20,1
2020-03-21,0
2020-03-22,0
2020-03-23,0
2020-03-24,1
2020-03-25,0
2020-03-26,0
2020-03-27,0
2020-03-28,0
2020-03-29,0
2020-03-30,3
2020-03-31,0
2020-04-01,1
2020-04-02,6
2020-04-03,0
2020-04-04,0
2020-04-05,0
2020-04-06,0
2020-04-07,1
2020-04-08,0
2020-04-09,0
2020-04-10,0
2020-04-11,0
2020-04-12,0
2020-04-13,1
2020-04-14,0
2020-04-15,1
2020-04-16,0
2020-04-17,0
2020-04-18,0
2020-04-19,0
2020-04-20,0
2020-04-21,0
2020-04-22,0
2020-04-23,0
2020-04-24,0
2020-04-25,1
2020-04-26,0
2020-04-27,0
2020-04-28,18
2020-04-29,6
2020-04-30,22
2020-05-01,3
2020-05-02,27
2020-05-03,4
2020-05-04,0
2020-05-05,0
2020-05-06,68
2020-05-07,0
2020-05-08,0
2020-05-09,0
2020-05-10,0
2020-05-11,1
2020-05-12,3
2020-05-13,1
2020-05-14,3
2020-05-15,1
2020-05-16,0
2020-05-17,0
2020-05-18,4
2020-05-19,0
2020-05-20,1
2020-05-21,0
2020-05-22,3
2020-05-23,0
2020-05-24,3
2020-05-25,1
2020-05-26,0
2020-05-27,101
2020-05-28,0
2020-05-29,1
2020-05-30,0
2020-05-31,1
2020-06-01,4
2020-06-02,0
2020-06-03,2
2020-06-04,3
2020-06-05,5
2020-06-06,1
2020-06-07,5
2020-06-08,4
2020-06-09,1
2020-06-10,5
2020-06-11,1
2020-06-12,5
2020-06-13,6
2020-06-14,0
2020-06-15,5
2020-06-16,2
2020-06-17,17
2020-06-18,3
2020-06-19,1
2020-06-20,8
2020-06-21,10
2020-06-22,3
2020-06-23,0
2020-06-24,0
2020-06-25,0
2020-06-26,1
2020-06-27,10
2020-06-28,14
2020-06-29,1
2020-06-30,2
2020-07-01,0
2020-07-02,3
2020-07-03,0
2020-07-04,3
2020-07-05,4
2020-07-06,1
2020-07-07,3
2020-07-08,5
2020-07-09,1
2020-07-10,0
2020-07-11,8
2020-07-12,1
2020-07-13,39
2020-07-14,1
2020-07-15,0
2020-07-16,2
2020-07-17,3
2020-07-18,5
2020-07-19,22
2020-07-20,3
2020-07-21,4
2020-07-22,9
2020-07-23,9
2020-07-24,28
2020-07-25,2
2020-07-26,3
2020-07-27,10
2020-07-28,8
2020-07-29,2
2020-07-30,5
2020-07-31,0
2020-08-01,10
2020-08-02,0
2020-08-03,0
2020-08-04,2
2020-08-05,0
2020-08-06,13
2020-08-07,4
2020-08-08,0
2020-08-09,9
2020-08-10,30
2020-08-11,2
2020-08-12,0
2020-08-13,4
2020-08-14,3
2020-08-15,1
2020-08-16,3
2020-08-17,6
2020-08-18,8
2020-08-19,6
2020-08-20,1
2020-08-21,3
2020-08-22,1
2020-08-23,4
2020-08-24,11
2020-08-25,30
2020-08-26,2
2020-08-27,4
2020-08-28,15
2020-08-29,2
2020-08-30,36
2020-08-31,3
2020-09-01,59
2020-09-02,42
2020-09-03,3
2020-09-04,3
2020-09-05,9
2020-09-06,2
2020-09-07,14
2020-09-08,2
2020-09-09,3
2020-09-10,2
2020-09-11,0
2020-09-12,4
2020-09-13,5
2020-09-14,2
2020-09-15,15
2020-09-16,1
2020-09-17,57
2020-09-18,4
2020-09-19,2
2020-09-20,3
2020-09-21,8
2020-09-22,6
2020-09-23,5
2020-09-24,24
2020-09-25,0
2020-09-26,0
2020-09-27,8
2020-09-28,12
2020-09-29,7
2020-09-30,8
2020-10-01,1
2020-10-02,1
2020-10-03,0
2020-10-04,1
2020-10-05,5
2020-10-06,33
2020-10-07,2
2020-10-08,8
2020-10-09,3
2020-10-10,3
2020-10-11,5
2020-10-12,24
2020-10-13,8
2020-10-14,3
2020-10-15,0
2020-10-16,5
2020-10-17,15
2020-10-18,16
2020-10-19,9
2020-10-20,15
2020-10-21,87
2020-10-22,11
2020-10-23,8
2020-10-24,11
2020-10-25,3
2020-10-26,4
2020-10-27,6
2020-10-28,5
2020-10-29,3
2020-10-30,6
2020-10-31,0
2020-11-01,0
2020-11-02,5
2020-11-03,45
2020-11-04,4
2020-11-05,2
2020-11-06,5
2020-11-07,2
2020-11-08,3
2020-11-09,4
2020-11-10,7
2020-11-11,7
2020-11-12,11
2020-11-13,2
2020-11-14,4
2020-11-15,2
2020-11-16,1
2020-11-17,6
2020-11-18,4
2020-11-19,8
2020-11-20,5
2020-11-21,2
2020-11-22,3
2020-11-23,4
2020-11-24,2
2020-11-25,5
2020-11-26,7
2020-11-27,4
2020-11-28,2
2020-11-29,2
2020-11-30,1
2020-12-01,5
2020-12-02,2
2020-12-03,11
2020-12-04,8
2020-12-05,5
2020-12-06,2
2020-12-07,15
2020-12-08,7
2020-12-09,15
2020-12-10,3
2020-12-11,7
2020-12-12,1
2020-12-13,2
2020-12-14,7
2020-12-15,7
2020-12-16,5
2020-12-17,11
2020-12-18,3
2020-12-19,2
2020-12-20,15
2020-12-21,5
2020-12-22,7
2020-12-23,9
2020-12-24,4
2020-12-25,1
2020-12-26,3
2020-12-27,1
2020-12-28,1
2020-12-29,7
2020-12-30,3
2020-12-31,4
2021-01-01,2
2021-01-02,4
2021-01-03,4
2021-01-04,4
2021-01-05,2
2021-01-06,1
2021-01-07,9
2021-01-08,8
2021-01-09,1
2021-01-10,6
2021-01-11,6
2021-01-12,2
2021-01-13,4
2021-01-14,13
2021-01-15,1
2021-01-16,4
2021-01-17,3
2021-01-18,0
2021-01-19,3
2021-01-20,4
2021-01-21,6
2021-01-22,3
2021-01-23,4
2021-01-24,1
2021-01-25,6
2021-01-26,7
2021-01-27,0
2021-01-28,0
2021-01-29,9
2021-01-30,1
2021-01-31,2
2021-02-01,3
2021-02-02,5
2021-02-03,3
2021-02-04,0
2021-02-05,1
2021-02-06,1
2021-02-07,0
2021-02-08,0
2021-02-09,0
2021-02-10,0
2021-02-11,1
2021-02-12,0
2021-02-13,1
2021-02-14,3
2021-02-15,2
2021-02-16,2
2021-02-17,0
2021-02-18,2
2021-02-19,0
2021-02-20,0
2021-02-21,0
2021-02-22,1
2021-02-23,1
2021-02-24,1
2021-02-25,0
2021-02-26,2
2021-02-27,0
2021-02-28,1
2021-03-01,2
2021-03-02,1
2021-03-03,3
2021-03-04,1
2021-03-05,0
2021-03-06,0
2021-03-07,0
2021-03-08,0
2021-03-09,1
2021-03-10,2
2021-03-11,1
2021-03-12,2
2021-03-13,0
2021-03-14,0
2021-03-15,0
2021-03-16,2
2021-03-17,0
2021-03-18,24
2021-03-19,15
2021-03-20,4
2021-03-21,3
2021-03-22,6
2021-03-23,19
2021-03-24,3
2021-03-25,6
2021-03-26,3
2021-03-27,6
2021-03-28,2
2021-03-29,9
2021-03-30,6
2021-03-31,5
2021-04-01,9
2021-04-02,3
2021-04-03,1
2021-04-04,1
2021-04-05,16
2021-04-06,3
2021-04-07,16
2021-04-08,6
2021-04-09,4
2021-04-10,6
2021-04-11,0
2021-04-12,6
2021-04-13,4
2021-04-14,11
2021-04-15,2
2021-04-16,3
2021-04-17,2
2021-04-18,1
2021-04-19,3
2021-04-20,0
2021-04-21,3
2021-04-22,10
2021-04-23,0
2021-04-24,0
2021-04-25,0
2021-04-26,0
2021-04-27,25
2021-04-28,0
2021-04-29,0
2021-04-30,1
2021-05-01,2
2021-05-02,4
2021-05-03,9
2021-05-04,4
2021-05-05,3
2021-05-06,2
2021-05-07,7
2021-05-08,1
2021-05-09,1
2021-05-10,4
2021-05-11,12
2021-05-12,4
2021-05-13,5
2021-05-14,0
2021-05-15,1
2021-05-16,2
2021-05-17,12
2021-05-18,2
2021-05-19,14
2021-05-20,124
2021-05-21,0
2021-05-22,0
2021-05-23,22
2021-05-24,45
2021-05-25,67
2021-05-26,34
2021-05-27,53
2021-05-28,35
2021-05-29,8
2021-05-30,8
2021-05-31,32
2021-06-01,21
2021-06-02,20
2021-06-03,21
2021-06-04,18
2021-06-05,0
2021-06-06,0
2021-06-07,0
2021-06-08,0
2021-06-09,30
2021-06-10,0
2021-06-11,0
2021-06-12,13
2021-06-13,21
2021-06-14,0
2021-06-15,16
2021-06-16,0
2021-06-17,22
2021-06-18,17
2021-06-19,0
2021-06-20,1
2021-06-21,6
2021-06-22,0
2021-06-23,19
2021-06-24,0
2021-06-25,28
2021-06-26,27
2021-06-27,25
2021-06-28,23
2021-06-29,0
2021-06-30,210
2021-07-01,44
2021-07-02,43
2021-07-03,11
2021-07-04,10
2021-07-05,18
2021-07-06,13
2021-07-07,0
2021-07-08,26
2021-07-09,21
2021-07-10,8
2021-07-11,31
2021-07-12,11
2021-07-13,0
2021-07-14,4
2021-07-15,10
2021-07-16,12
2021-07-17,23
2021-07-18,3
2021-07-19,8
2021-07-20,3
2021-07-21,20
2021-07-22,15
2021-07-23,17
2021-07-24,6
2021-07-25,0
2021-07-26,32
2021-07-27,13
2021-07-28,10
2021-07-29,18
2021-07-30,13
2021-07-31,19
2021-08-01,0
2021-08-02,50
2021-08-03,36
2021-08-04,23
2021-08-05,36
2021-08-06,70
2021-08-07,44
2021-08-08,20
2021-08-09,56
2021-08-10,47
2021-08-11,36
2021-08-12,0
2021-08-13,53
2021-08-14,6
2021-08-15,5
2021-08-16,39
2021-08-17,39
2021-08-18,0
2021-08-19,48
2021-08-20,25
2021-08-21,8
2021-08-22,23
2021-08-23,81
2021-08-24,81
2021-08-25,50
2021-08-26,81
2021-08-27,61
2021-08-28,14
2021-08-29,15
2021-08-30,35
2021-08-31,22
2021-09-01,48
2021-09-02,46
2021-09-03,52
2021-09-04,24
2021-09-05,0
2021-09-06,85
2021-09-07,42
2021-09-08,35
2021-09-09,46
2021-09-10,15
2021-09-11,0
2021-09-12,12
2021-09-13,59
2021-09-14,20
2021-09-15,17
2021-09-16,27
2021-09-17,0
2021-09-18,74
2021-09-19,18
2021-09-20,78
2021-09-21,49
2021-09-22,35
2021-09-23,0
2021-09-24,56
2021-09-25,12
2021-09-26,7
2021-09-27,74
2021-09-28,31
2021-09-29,0
2021-09-30,83
2021-10-01,24
2021-10-02,7
2021-10-03,6
2021-10-04,42
2021-10-05,0
2021-10-06,92
2021-10-07,55
2021-10-08,40
2021-10-09,9
2021-10-10,12
2021-10-11,3
2021-10-12,60
2021-10-13,36
2021-10-14,57
2021-10-15,106
2021-10-16,22
2021-10-17,0
2021-10-18,85
2021-10-19,48
2021-10-20,10
2021-10-21,34
2021-10-22,27
2021-10-23,12
2021-10-24,12
2021-10-25,20
2021-10-26,16
2021-10-27,21
2021-10-28,29
2021-10-29,20
2021-10-30,15
2021-10-31,172
2021-11-01,26
2021-11-02,21
2021-11-03,23
2021-11-04,6
2021-11-05,21
2021-11-06,5
2021-11-07,4
2021-11-08,34
2021-11-09,36
2021-11-10,57
2021-11-11,10
2021-11-12,22
2021-11-13,5
2021-11-14,4
2021-11-15,36
2021-11-16,46
2021-11-17,46
2021-11-18,29
2021-11-19,20
2021-11-20,7
2021-11-21,12
2021-11-22,190
2021-11-23,49
2021-11-24,21
2021-11-25,29
2021-11-26,23
2021-11-27,10
2021-11-28,13
2021-11-29,56
2021-11-30,38
2021-12-01,69
2021-12-02,37
2021-12-03,0
2021-12-04,24
2021-12-05,6
2021-12-06,34
2021-12-07,16
2021-12-08,25
2021-12-09,15
2021-12-10,39
2021-12-11,9
2021-12-12,28
2021-12-13,28
2021-12-14,68
2021-12-15,97
2021-12-16,46
2021-12-17,30
2021-12-18,18
2021-12-19,19
2021-12-20,21
2021-12-21,14
2021-12-22,21
2021-12-23,19
2021-12-24,16
2021-12-25,19
2021-12-26,25
2021-12-27,19
2021-12-28,30
2021-12-29,89
2021-12-30,96
2021-12-31,11
2022-01-01,524
2022-01-02,36
2022-01-03,25
2022-01-04,36
2022-01-05,86
2022-01-06,46
2022-01-07,109
2022-01-08,4
2022-01-09,10
2022-01-10,45
2022-01-11,132
2022-01-12,39
2022-01-13,130
2022-01-14,161
2022-01-15,32
2022-01-16,23
2022-01-17,30
2022-01-18,39
2022-01-19,23
2022-01-20,11
2022-01-21,2
2022-01-22,12
2022-01-23,5
2022-01-24,128
2022-01-25,9
2022-01-26,17
2022-01-27,57
2022-01-28,1
2022-01-29,0
2022-01-30,178
2022-01-31,750
2022-02-01,16
2022-02-02,13
2022-02-03,92
2022-02-04,27
2022-02-05,12
2022-02-06,14
2022-02-07,25
2022-02-08,31
2022-02-09,38
2022-02-10,2
2022-02-11,85
2022-02-12,21
2022-02-13,0
2022-02-14,773
2022-02-15,174
2022-02-16,83
2022-02-17,58
2022-02-18,44
2022-02-19,29
2022-02-20,40
2022-02-21,78
2022-02-22,254
2022-02-23,69
2022-02-24,33
2022-02-25,36
2022-02-26,31
2022-02-27,30
2022-02-28,380
2022-03-01,25
2022-03-02,132
2022-03-03,149
2022-03-04,21
2022-03-05,66
2022-03-06,235
2022-03-07,178
2022-03-08,319
2022-03-09,139
2022-03-10,74
2022-03-11,55
2022-03-12,67
2022-03-13,70
2022-03-14,65
2022-03-15,74
2022-03-16,41
2022-03-17,25
2022-03-18,22
2022-03-19,29
2022-03-20,677
2022-03-21,373
2022-03-22,166
2022-03-23,64
2022-03-24,68
2022-03-25,51
2022-03-26,53
2022-03-27,55
2022-03-28,269
2022-03-29,169
2022-03-30,97
2022-03-31,94
2022-04-01,286
2022-04-02,43
2022-04-03,47
2022-04-04,51
2022-04-05,44
2022-04-06,55
2022-04-07,51
2022-04-08,45
2022-04-09,19
2022-04-10,21
2022-04-11,103
2022-04-12,226
2022-04-13,54
2022-04-14,29
2022-04-15,23
2022-04-16,28
2022-04-17,30
2022-04-18,93
2022-04-19,79
2022-04-20,59
2022-04-21,33
2022-04-22,16
2022-04-23,30
2022-04-24,32
2022-04-25,94
2022-04-26,35
2022-04-27,52
2022-04-28,65
2022-04-29,24
2022-04-30,17
2022-05-01,105
2022-05-02,7
2022-05-03,15
2022-05-04,10
2022-05-05,37
2022-05-06,32
2022-05-07,29
2022-05-08,9
2022-05-09,122
2022-05-10,108
2022-05-11,76
2022-05-12,30
2022-05-13,136
2022-05-14,11
2022-05-15,18
2022-05-16,18
2022-05-17,36
2022-05-18,43
2022-05-19,45
2022-05-20,125
2022-05-21,29
2022-05-22,19
2022-05-23,33
2022-05-24,30
2022-05-25,11
2022-05-26,27
2022-05-27,23
2022-05-28,13
2022-05-29,14
2022-05-30,276
2022-05-31,142
2022-06-01,162
2022-06-02,46
2022-06-03,39
2022-06-04,51
2022-06-05,48
2022-06-06,25
2022-06-07,72
2022-06-08,64
2022-06-09,60
2022-06-10,233
2022-06-11,62
2022-06-12,27
2022-06-13,43
2022-06-14,106
2022-06-15,52
2022-06-16,28
2022-06-17,32
2022-06-18,82
2022-06-19,53
2022-06-20,221
2022-06-21,55
2022-06-22,60
2022-06-23,28
2022-06-24,23
2022-06-25,52
2022-06-26,23
2022-06-27,38
2022-06-28,33
2022-06-29,111
2022-06-30,134
2022-07-01,274
2022-07-02,36
2022-07-03,49
2022-07-04,31
2022-07-05,28
2022-07-06,56
2022-07-07,52
2022-07-08,23
2022-07-09,54
2022-07-10,15
2022-07-11,70
2022-07-12,25
2022-07-13,31
2022-07-14,35
2022-07-15,25
2022-07-16,52
2022-07-17,24
2022-07-18,41
2022-07-19,75
2022-07-20,288
2022-07-21,32
2022-07-22,35
2022-07-23,25
2022-07-24,43
2022-07-25,49
2022-07-26,43
2022-07-27,57
2022-07-28,58
2022-07-29,30
2022-07-30,48
2022-07-31,21
2022-08-01,57
2022-08-02,54
2022-08-03,46
2022-08-04,39
2022-08-05,73
2022-08-06,26
2022-08-07,38
2022-08-08,47
2022-08-09,64
2022-08-10,51
2022-08-11,30
2022-08-12,41
2022-08-13,165
2022-08-14,113
2022-08-15,121
2022-08-16,96
2022-08-17,248
2022-08-18,63
2022-08-19,41
2022-08-20,68
2022-08-21,73
2022-08-22,30
2022-08-23,29
2022-08-24,28
2022-08-25,19
2022-08-26,74
2022-08-27,16
2022-08-28,13
2022-08-29,30
2022-08-30,46
2022-08-31,454
2022-09-01,117
2022-09-02,63
2022-09-03,28
2022-09-04,165
2022-09-05,9
2022-09-06,175
2022-09-07,1241
2022-09-08,915
2022-09-09,480
2022-09-10,826
2022-09-11,489
2022-09-12,537
2022-09-13,603
2022-09-14,971
2022-09-15,721
2022-09-16,435
2022-09-17,398
2022-09-18,348
2022-09-19,233
2022-09-20,233
2022-09-21,217
2022-09-22,248
2022-09-23,237
2022-09-24,237
2022-09-25,243
2022-09-26,168
2022-09-27,162
2022-09-28,171
2022-09-29,162
2022-09-30,404
2022-10-01,1029
2022-10-02,707
2022-10-03,1396
2022-10-04,1274
2022-10-05,934
2022-10-06,706
2022-10-07,494
2022-10-08,507
2022-10-09,449
2022-10-10,299
2022-10-11,348
2022-10-12,318
2022-10-13,254
2022-10-14,254
2022-10-15,265
2022-10-16,239
2022-10-17,197
2022-10-18,246
2022-10-19,269
2022-10-20,201
2022-10-21,179
2022-10-22,160
2022-10-23,142
2022-10-24,166
2022-10-25,179
2022-10-26,173
2022-10-27,161
2022-10-28,180
2022-10-29,146
2022-10-30,180
2022-10-31,242
2022-11-01,232
2022-11-02,325
2022-11-03,364
2022-11-04,263
2022-11-05,218
2022-11-06,235
2022-11-07,228
2022-11-08,220
2022-11-09,192
2022-11-10,221
2022-11-11,175
2022-11-12,160
2022-11-13,169
2022-11-14,189
2022-11-15,181
2022-11-16,199
2022-11-17,177
2022-11-18,178
2022-11-19,184
2022-11-20,111
2022-11-21,117
2022-11-22,162
2022-11-23,245
2022-11-24,148
2022-11-25,175
2022-11-26,160
2022-11-27,131
2022-11-28,120
2022-11-29,126
2022-11-30,150
2022-12-01,149
2022-12-02,109
2022-12-03,98
2022-12-04,153
2022-12-05,98
2022-12-06,108
2022-12-07,119
2022-12-08,133
2022-12-09,95
2022-12-10,103
2022-12-11,113
2022-12-12,119
2022-12-13,155
2022-12-14,101
2022-12-15,97
2022-12-16,129
2022-12-17,100
2022-12-18,109
2022-12-19,97
2022-12-20,90
2022-12-21,105
2022-12-22,79
2022-12-23,91
2022-12-24,65
2022-12-25,80
2022-12-26,84
2022-12-27,88
2022-12-28,202
2022-12-29,237
2022-12-30,192
2022-12-31,121
2023-01-01,138
2023-01-02,226
2023-01-03,218
2023-01-04,246
2023-01-05,254
2023-01-06,196
2023-01-07,133
2023-01-08,175
2023-01-09,147
2023-01-10,163
2023-01-11,154
2023-01-12,124
2023-01-13,93
2023-01-14,88
2023-01-15,155
2023-01-16,172
2023-01-17,198
2023-01-18,118
2023-01-19,84
2023-01-20,73
2023-01-21,86
2023-01-22,54
2023-01-23,40
2023-01-24,66
2023-01-25,72
2023-01-26,85
2023-01-27,83
2023-01-28,65
2023-01-29,93
2023-01-30,60
2023-01-31,79
2023-02-01,87
2023-02-02,77
2023-02-03,81
2023-02-04,91
2023-02-05,126
2023-02-06,88
2023-02-07,62
2023-02-08,85
2023-02-09,62
2023-02-10,75
2023-02-11,114
2023-02-12,77
2023-02-13,71
2023-02-14,64
2023-02-15,119
2023-02-16,88
2023-02-17,65
2023-02-18,62
2023-02-19,91
2023-02-20,99
2023-02-21,71
2023-02-22,78
2023-02-23,115
2023-02-24,63
2023-02-25,62
2023-02-26,78
2023-02-27,75
2023-02-28,75
2023-03-01,92
2023-03-02,74
2023-03-03,73
2023-03-04,71
2023-03-05,58
2023-03-06,53
2023-03-07,75
2023-03-08,87
2023-03-09,80
2023-03-10,81
2023-03-11,131
2023-03-12,71
2023-03-13,79
2023-03-14,167
2023-03-15,75
2023-03-16,93
2023-03-17,69
2023-03-18,93
2023-03-19,87
2023-03-20,86
2023-03-21,98
2023-03-22,84
2023-03-23,75
2023-03-24,68
2023-03-25,43
2023-03-26,81
2023-03-27,76
2023-03-28,70
2023-03-29,51
2023-03-30,74
2023-03-31,60
2023-04-01,68
2023-04-02,159
2023-04-03,99
2023-04-04,188
2023-04-05,106
2023-04-06,96
2023-04-07,93
2023-04-08,71
2023-04-09,87
2023-04-10,65
2023-04-11,50
2023-04-12,59
2023-04-13,356
2023-04-14,289
2023-04-15,255
2023-04-16,127
2023-04-17,171
2023-04-18,93
2023-04-19,80
2023-04-20,96
2023-04-21,67
2023-04-22,30
2023-04-23,45
2023-04-24,76
2023-04-25,228
2023-04-26,129
2023-04-27,133
2023-04-28,94
2023-04-29,79
2023-04-30,77
2023-05-01,75
2023-05-02,78
2023-05-03,84
2023-05-04,133
2023-05-05,76
2023-05-06,84
2023-05-07,81
2023-05-08,82
2023-05-09,79
2023-05-10,68
2023-05-11,55
2023-05-12,79
2023-05-13,52
2023-05-14,82
2023-05-15,79
2023-05-16,80
2023-05-17,74
2023-05-18,85
2023-05-19,100
2023-05-20,79
2023-05-21,123
2023-05-22,77
2023-05-23,95
2023-05-24,69
2023-05-25,71
2023-05-26,48
2023-05-27,54
2023-05-28,59
2023-05-29,67
2023-05-30,81
2023-05-31,73
2023-06-01,66
2023-06-02,64
2023-06-03,49
2023-06-04,56
2023-06-05,71
2023-06-06,66
2023-06-07,86
2023-06-08,94
2023-06-09,98
2023-06-10,99
2023-06-11,58
2023-06-12,115
2023-06-13,134
2023-06-14,84
2023-06-15,64
2023-06-16,67
2023-06-17,70
2023-06-18,90
2023-06-19,94
2023-06-20,74
2023-06-21,86
2023-06-22,98
2023-06-23,62
2023-06-24,76
2023-06-25,62
2023-06-26,70
2023-06-27,57
2023-06-28,38
2023-06-29,39
2023-06-30,51
2023-07-01,52
2023-07-02,49
2023-07-03,50
2023-07-04,46
2023-07-05,63
2023-07-06,39
2023-07-07,42
2023-07-08,67
2023-07-09,56
2023-07-10,57
2023-07-11,75
2023-07-12,65
2023-07-13,53
2023-07-14,48
2023-07-15,55
2023-07-16,58
2023-07-17,44
2023-07-18,53
2023-07-19,67
2023-07-20,30
2023-07-21,47
2023-07-22,58
2023-07-23,38
2023-07-24,51
2023-07-25,44
2023-07-26,47
2023-07-27,44
2023-07-28,34
2023-07-29,36
2023-07-30,90
2023-07-31,62
2023-08-01,47
2023-08-02,61
2023-08-03,66
2023-08-04,43
2023-08-05,32
2023-08-06,50
2023-08-07,62
2023-08-08,53
2023-08-09,50
2023-08-10,60
2023-08-11,29
2023-08-12,45
2023-08-13,85
2023-08-14,73
2023-08-15,53
2023-08-16,74
2023-08-17,78
2023-08-18,55
2023-08-19,38
2023-08-20,63
2023-08-21,62
2023-08-22,67
2023-08-23,86
2023-08-24,51
2023-08-25,23
2023-08-26,43
2023-08-27,59
2023-08-28,63
2023-08-29,60
2023-08-30,47
2023-08-31,31
2023-09-01,34
2023-09-02,32
2023-09-03,46
2023-09-04,36
2023-09-05,50
2023-09-06,59
2023-09-07,117
2023-09-08,114
2023-09-09,74
2023-09-10,68
2023-09-11,81
2023-09-12,141
2023-09-13,109
2023-09-14,68
2023-09-15,87
2023-09-16,120
2023-09-17,98
2023-09-18,87
2023-09-19,70
2023-09-20,67
2023-09-21,52
2023-09-22,70
2023-09-23,89
2023-09-24,76
2023-09-25,69
2023-09-26,95
2023-09-27,89
2023-09-28,40
2023-09-29,43
2023-09-30,47
2023-10-01,46
2023-10-02,53
2023-10-03,45
2023-10-04,48
2023-10-05,58
2023-10-06,49
2023-10-07,50
2023-10-08,46
2023-10-09,93
2023-10-10,104
2023-10-11,85
2023-10-12,55
2023-10-13,43
2023-10-14,122
2023-10-15,56
2023-10-16,89
2023-10-17,73
2023-10-18,71
2023-10-19,86
2023-10-20,27
2023-10-21,33
2023-10-22,36
2023-10-23,35
2023-10-24,42
2023-10-25,39
2023-10-26,44
2023-10-27,37
2023-10-28,51
2023-10-29,45
2023-10-30,30
2023-10-31,36
2023-11-01,46
2023-11-02,47
2023-11-03,34
2023-11-04,51
2023-11-05,40
2023-11-06,34
2023-11-07,54
2023-11-08,47
2023-11-09,52
2023-11-10,35
2023-11-11,62
2023-11-12,30
2023-11-13,39
2023-11-14,46
2023-11-15,55
2023-11-16,61
2023-11-17,44
2023-11-18,65
2023-11-19,56
2023-11-20,44
2023-11-21,45
2023-11-22,46
2023-11-23,37
2023-11-24,32
2023-11-25,36
2023-11-26,34
2023-11-27,41
2023-11-28,49
2023-11-29,40
2023-11-30,47
2023-12-01,53
2023-12-02,55
2023-12-03,59
2023-12-04,83
2023-12-05,83
2023-12-06,73
2023-12-07,76
2023-12-08,52
2023-12-09,56
2023-12-10,62
2023-12-11,95
2023-12-12,106
2023-12-13,85
2023-12-14,144
2023-12-15,100
2023-12-16,77
2023-12-17,83
2023-12-18,180
2023-12-19,157
2023-12-20,139
2023-12-21,97
2023-12-22,90
2023-12-23,79
2023-12-24,62
2023-12-25,62
2023-12-26,52
2023-12-27,61
2023-12-28,66
2023-12-29,68
2023-12-30,43
2023-12-31,41
2024-01-01,62
2024-01-02,56
2024-01-03,63
2024-01-04,77
2024-01-05,58
2024-01-06,36
2024-01-07,42
2024-01-08,43
2024-01-09,45
2024-01-10,54
2024-01-11,61
2024-01-12,44
2024-01-13,59
2024-01-14,43
2024-01-15,28
2024-01-16,27
2024-01-17,43
2024-01-18,44
2024-01-19,31
2024-01-20,48
2024-01-21,34
2024-01-22,30
2024-01-23,29
2024-01-24,39
2024-01-25,61
2024-01-26,31
2024-01-27,55
2024-01-28,30
2024-01-29,34
2024-01-30,26
2024-01-31,36
2024-02-01,35
2024-02-02,43
2024-02-03,15
2024-02-04,37
2024-02-05,21
2024-02-06,41
2024-02-07,34
2024-02-08,43
2024-02-09,28
2024-02-10,24
2024-02-11,24
2024-02-12,23
2024-02-13,28
2024-02-14,47
2024-02-15,48
2024-02-16,25
2024-02-17,28
2024-02-18,47
2024-02-19,30
2024-02-20,35
2024-02-21,39
2024-02-22,57
2024-02-23,49
2024-02-24,83
2024-02-25,63
2024-02-26,38
2024-02-27,35
2024-02-28,56
2024-02-29,34
2024-03-01,31
2024-03-02,52
2024-03-03,39
2024-03-04,38
2024-03-05,53
2024-03-06,52
2024-03-07,56
2024-03-08,32
2024-03-09,48
2024-03-10,114
2024-03-11,66
2024-03-12,32
2024-03-13,49
2024-03-14,41
2024-03-15,44
2024-03-16,43
2024-03-17,36
2024-03-18,23
2024-03-19,21
2024-03-20,38
2024-03-21,26
2024-03-22,30
2024-03-23,44
2024-03-24,43
2024-03-25,21
2024-03-26,30
2024-03-27,36
2024-03-28,28
2024-03-29,23
2024-03-30,43
2024-03-31,43
2024-04-01,68
2024-04-02,37
2024-04-03,39
2024-04-04,28
2024-04-05,27
2024-04-06,27
2024-04-07,34
2024-04-08,27
2024-04-09,25
2024-04-10,23
2024-04-11,14
2024-04-12,34
2024-04-13,28
2024-04-14,28
2024-04-15,38
2024-04-16,36
2024-04-17,44
2024-04-18,38
2024-04-19,22
2024-04-20,68
2024-04-21,42
2024-04-22,28
2024-04-23,29
2024-04-24,31
2024-04-25,24
2024-04-26,24
2024-04-27,67
2024-04-28,30
2024-04-29,40
2024-04-30,41
2024-05-01,40
2024-05-02,23
2024-05-03,46
2024-05-04,37
2024-05-05,36
2024-05-06,31
2024-05-07,43
2024-05-08,42
2024-05-09,64
2024-05-10,36
2024-05-11,38
2024-05-12,45
2024-05-13,37
2024-05-14,29
2024-05-15,60
2024-05-16,37
2024-05-17,50
2024-05-18,47
2024-05-19,29
2024-05-20,42
2024-05-21,54
2024-05-22,55
2024-05-23,66
2024-05-24,29
2024-05-25,25
2024-05-26,27
2024-05-27,43
2024-05-28,61
2024-05-29,60
2024-05-30,83
2024-05-31,58
2024-06-01,72
2024-06-02,60
2024-06-03,38
2024-06-04,33
2024-06-05,32
2024-06-06,42
2024-06-07,55
2024-06-08,57
2024-06-09,46
2024-06-10,26
2024-06-11,41
2024-06-12,42
2024-06-13,46
2024-06-14,50
2024-06-15,34
2024-06-16,29
2024-06-17,29
2024-06-18,33
2024-06-19,50
2024-06-20,24
2024-06-21,42
2024-06-22,55
2024-06-23,42
2024-06-24,37
2024-06-25,48
2024-06-26,53
2024-06-27,47
2024-06-28,37
2024-06-29,45
2024-06-30,43
2024-07-01,50
2024-07-02,46
2024-07-03,33
2024-07-04,36
2024-07-05,40
2024-07-06,103
2024-07-07,55
2024-07-08,23
2024-07-09,24
2024-07-10,40
2024-07-11,42
2024-07-12,24
2024-07-13,47
2024-07-14,42
2024-07-15,45
2024-07-16,36
2024-07-17,66
2024-07-18,30
2024-07-19,49
2024-07-20,40
2024-07-21,34
2024-07-22,52
2024-07-23,38
2024-07-24,34
2024-07-25,55
2024-07-26,27
2024-07-27,35
2024-07-28,22
2024-07-29,34
2024-07-30,29
2024-07-31,46
2024-08-01,65
2024-08-02,27
2024-08-03,35
2024-08-04,36
2024-08-05,18
2024-08-06,44
2024-08-07,41
2024-08-08,42
2024-08-09,42
2024-08-10,32
2024-08-11,66
2024-08-12,62
2024-08-13,138
2024-08-14,65
2024-08-15,74
2024-08-16,60
2024-08-17,60
2024-08-18,61
2024-08-19,61
2024-08-20,64
2024-08-21,51
2024-08-22,37
2024-08-23,31
2024-08-24,52
2024-08-25,39
2024-08-26,37
2024-08-27,72
2024-08-28,92
2024-08-29,38
2024-08-30,29
2024-08-31,17
2024-09-01,25
2024-09-02,23
2024-09-03,30
2024-09-04,29
2024-09-05,51
2024-09-06,27
2024-09-07,29
2024-09-08,31
2024-09-09,40
2024-09-10,36
2024-09-11,35
2024-09-12,32
2024-09-13,21
2024-09-14,26
2024-09-15,11
2024-09-16,40
2024-09-17,18
2024-09-18,28
2024-09-19,23
2024-09-20,35
2024-09-21,48
2024-09-22,52
2024-09-23,33
2024-09-24,51
2024-09-25,56
2024-09-26,41
2024-09-27,29
2024-09-28,34
2024-09-29,58
2024-09-30,28
2024-10-01,22
2024-10-02,42
2024-10-03,30
2024-10-04,30
2024-10-05,30
2024-10-06,20
2024-10-07,32
2024-10-08,26
2024-10-09,24
2024-10-10,25
2024-10-11,26
2024-10-12,46
2024-10-13,35
2024-10-14,24
2024-10-15,19
2024-10-16,68
2024-10-17,21
2024-10-18,24
2024-10-19,38
2024-10-20,62
2024-10-21,26
2024-10-22,30
2024-10-23,61
2024-10-24,24
2024-10-25,43
2024-10-26,44
2024-10-27,40
2024-10-28,27
2024-10-29,33
2024-10-30,21
2024-10-31,17
2024-11-01,25
2024-11-02,86
2024-11-03,30
2024-11-04,27
2024-11-05,24
2024-11-06,32
2024-11-07,34
2024-11-08,21
2024-11-09,27
2024-11-10,23
2024-11-11,50
2024-11-12,18
2024-11-13,27
2024-11-14,21
2024-11-15,23
2024-11-16,22
2024-11-17,26
2024-11-18,33
2024-11-19,37
2024-11-20,45
2024-11-21,52
2024-11-22,33
2024-11-23,28
2024-11-24,30
2024-11-25,22
2024-11-26,50
2024-11-27,43
2024-11-28,237
2024-11-29,456
2024-11-30,161
2024-12-01,220
2024-12-02,76
2024-12-03,39
2024-12-04,31
2024-12-05,28
2024-12-06,29
2024-12-07,28
2024-12-08,28
2024-12-09,42
2024-12-10,52
2024-12-11,31
2024-12-12,32
2024-12-13,22
2024-12-14,28
2024-12-15,31
2024-12-16,29
2024-12-17,33
2024-12-18,33
2024-12-19,33
2024-12-20,18
2024-12-21,24
2024-12-22,33
2024-12-23,20
2024-12-24,30
2024-12-25,24
2024-12-26,32
2024-12-27,35
2024-12-28,32
2024-12-29,41
2024-12-30,40
2024-12-31,30
2025-01-01,34
2025-01-02,30
2025-01-03,26
2025-01-04,34
2025-01-05,18
2025-01-06,30
2025-01-07,39
2025-01-08,25
2025-01-09,37
2025-01-10,27
2025-01-11,19
2025-01-12,27
2025-01-13,31
2025-01-14,35
2025-01-15,38
2025-01-16,30
2025-01-17,19
2025-01-18,14
2025-01-19,35
2025-01-20,24
2025-01-21,21
2025-01-22,36
2025-01-23,40
2025-01-24,34
2025-01-25,22
2025-01-26,23
2025-01-27,26
2025-01-28,30
2025-01-29,19
2025-01-30,19
2025-01-31,30
2025-02-01,22
2025-02-02,35
2025-02-03,24
2025-02-04,38
2025-02-05,48
2025-02-06,35
2025-02-07,39
2025-02-08,34
2025-02-09,79
2025-02-10,50
2025-02-11,63
2025-02-12,41
2025-02-13,49
2025-02-14,61
2025-02-15,48
2025-02-16,48
2025-02-17,45
2025-02-18,46
2025-02-19,37
2025-02-20,51
2025-02-21,52
2025-02-22,40
2025-02-23,53
2025-02-24,35
2025-02-25,53
2025-02-26,44
2025-02-27,52
2025-02-28,59
2025-03-01,28
2025-03-02,26
2025-03-03,26
2025-03-04,26
2025-03-05,38
2025-03-06,33
2025-03-07,24
2025-03-08,36
2025-03-09,34
2025-03-10,27
2025-03-11,22
2025-03-12,38
2025-03-13,37
2025-03-14,26
2025-03-15,33
2025-03-16,62
2025-03-17,33
2025-03-18,27
2025-03-19,20
2025-03-20,34
2025-03-21,22
2025-03-22,33
2025-03-23,49
2025-03-24,26
2025-03-25,26
2025-03-26,22
2025-03-27,31
2025-03-28,38
2025-03-29,26
2025-03-30,37
2025-03-31,19
2025-04-01,14
2025-04-02,27
2025-04-03,30
2025-04-04,29
2025-04-05,32
2025-04-06,31
2025-04-07,29
2025-04-08,36
2025-04-09,35
2025-04-10,37
2025-04-11,32
2025-04-12,24
2025-04-13,24
2025-04-14,27
2025-04-15,31
2025-04-16,40
2025-04-17,44
2025-04-18,35
2025-04-19,43
2025-04-20,37
2025-04-21,41
2025-04-22,38
2025-04-23,35
2025-04-24,53
2025-04-25,31
2025-04-26,47
2025-04-27,31
2025-04-28,33
2025-04-29,31
2025-04-30,22
2025-05-01,37
2025-05-02,30
2025-05-03,32
2025-05-04,31
2025-05-05,17
2025-05-06,27
2025-05-07,23
2025-05-08,34
2025-05-09,22
2025-05-10,31
2025-05-11,17
2025-05-12,44
2025-05-13,46
2025-05-14,34
2025-05-15,36
2025-05-16,34
2025-05-17,38
2025-05-18,36
2025-05-19,22
2025-05-20,28
2025-05-21,22
2025-05-22,35
2025-05-23,60
2025-05-24,31
2025-05-25,26
2025-05-26,27
2025-05-27,20
2025-05-28,21
2025-05-29,36
2025-05-30,23
2025-05-31,19
2025-06-01,23
2025-06-02,18
2025-06-03,20
2025-06-04,26
2025-06-05,22
2025-06-06,19
2025-06-07,26
2025-06-08,19
2025-06-09,25
2025-06-10,23
2025-06-11,35
2025-06-12,33
2025-06-13,31
2025-06-14,76
2025-06-15,35
2025-06-16,33
2025-06-17,27
2025-06-18,31
2025-06-19,38
2025-06-20,31
2025-06-21,33
2025-06-22,28
2025-06-23,30
2025-06-24,29
2025-06-25,41
2025-06-26,39
2025-06-27,21
2025-06-28,22
2025-06-29,22
2025-06-30,21
2025-07-01,29
2025-07-02,28
2025-07-03,37
2025-07-04,43
2025-07-05,48
2025-07-06,35
2025-07-07,31
2025-07-08,31
2025-07-09,54
2025-07-10,60
2025-07-11,44
2025-07-12,42
2025-07-13,37
2025-07-14,48
2025-07-15,52
2025-07-16,46
2025-07-17,53
2025-07-18,32
2025-07-19,38
2025-07-20,63
2025-07-21,84
2025-07-22,51
2025-07-23,33
2025-07-24,37
2025-07-25,32
2025-07-26,47
2025-07-27,30
2025-07-28,46
2025-07-29,31
2025-07-30,30
2025-07-31,28
2025-08-01,26
2025-08-02,37
2025-08-03,35
2025-08-04,29
2025-08-05,24
2025-08-06,34
2025-08-07,42
2025-08-08,24
2025-08-09,42
2025-08-10,28
2025-08-11,75
2025-08-12,80
2025-08-13,93
2025-08-14,105
2025-08-15,100
2025-08-16,80
2025-08-17,85
2025-08-18,159
2025-08-19,396
2025-08-20,495
2025-08-21,222
2025-08-22,245
2025-08-23,109
2025-08-24,307
2025-08-25,1108
2025-08-26,536
2025-08-27,323
2025-08-28,181
2025-08-29,108
2025-08-30,89
2025-08-31,95
2025-09-01,86
2025-09-02,82
2025-09-03,74
2025-09-04,62
2025-09-05,59
2025-09-06,69
2025-09-07,50
2025-09-08,50
2025-09-09,42
2025-09-10,85
2025-09-11,49
2025-09-12,37
2025-09-13,30
2025-09-14,43
2025-09-15,36
2025-09-16,47
2025-09-17,47
2025-09-18,57
2025-09-19,54
2025-09-20,70
2025-09-21,75
2025-09-22,57
2025-09-23,43
2025-09-24,42
2025-09-25,62
2025-09-26,50
2025-09-27,34
2025-09-28,49
2025-09-29,50
2025-09-30,61
2025-10-01,44
2025-10-02,53
2025-10-03,42
2025-10-04,64
2025-10-05,28
2025-10-06,52
2025-10-07,39
2025-10-08,60
2025-10-09,54
2025-10-10,55
2025-10-11,111
2025-10-12,65
2025-10-13,47
2025-10-14,51
2025-10-15,43
2025-10-16,32
2025-10-17,74
2025-10-18,88
2025-10-19,41
2025-10-20,36
2025-10-21,38
2025-10-22,58
2025-10-23,47
2025-10-24,56
2025-10-25,104
2025-10-26,90
2025-10-27,47
2025-10-28,68
2025-10-29,46
2025-10-30,44
2025-10-31,39
2025-11-01,53
2025-11-02,39
2025-11-03,40
2025-11-04,39
2025-11-05,29
2025-11-06,42
2025-11-07,23
2025-11-08,41
2025-11-09,24
2025-11-10,32
2025-11-11,26
2025-11-12,34
2025-11-13,21
2025-11-14,25
2025-11-15,62
2025-11-16,26
2025-11-17,31
2025-11-18,41
2025-11-19,33
2025-11-20,43
2025-11-21,34
2025-11-22,25
2025-11-23,20
2025-11-24,27
2025-11-25,33
2025-11-26,30
2025-11-27,24
2025-11-28,25
2025-11-29,30
2025-11-30,17
2025-12-01,36
2025-12-02,43
2025-12-03,48
2025-12-04,83
2025-12-05,33
2025-12-06,38
2025-12-07,54
2025-12-08,30
2025-12-09,33
2025-12-10,35
2025-12-11,17
2025-12-12,24
2025-12-13,26
2025-12-14,26
2025-12-15,21
2025-12-16,21
2025-12-17,25
2025-12-18,31
2025-12-19,20
2025-12-20,16
2025-12-21,40
2025-12-22,31
2025-12-23,18
2025-12-24,25
2025-12-25,17
2025-12-26,19
2025-12-27,19
2025-12-28,27
2025-12-29,22
2025-12-30,27
2025-12-31,26
2026-01-01,40
2026-01-02,28
2026-01-03,40
2026-01-04,34
2026-01-05,805
2026-01-06,540
2026-01-07,686
2026-01-08,503
2026-01-09,372
2026-01-10,176
2026-01-11,114
2026-01-12,71
2026-01-13,71
2026-01-14,57
2026-01-15,63
2026-01-16,50
2026-01-17,41
2026-01-18,44
2026-01-19,69
2026-01-20,51
2026-01-21,64
2026-01-22,60
2026-01-23,18
2026-01-24,44
2026-01-25,52
2026-01-26,48
2026-01-27,47
2026-01-28,50
2026-01-29,42
2026-01-30,29
2026-01-31,29
2026-02-01,31
2026-02-02,45
2026-02-03,36
2026-02-04,42
2026-02-05,69
2026-02-06,30
2026-02-07,40
2026-02-08,53
2026-02-09,66
2026-02-10,40
2026-02-11,71
2026-02-12,43
2026-02-13,45
2026-02-14,39
2026-02-15,31
2026-02-16,33
2026-02-17,24
2026-02-18,37
2026-02-19,31
2026-02-20,33
2026-02-21,27
2026-02-22,22
2026-02-23,34
2026-02-24,30
2026-02-25,34
2026-02-26,22
2026-02-27,27
2026-02-28,21
2026-03-01,20
2026-03-02,18
2026-03-03,24
2026-03-04,38
2026-03-05,47
2026-03-06,30
2026-03-07,29
2026-03-08,31
2026-03-09,27
2026-03-10,35
2026-03-11,43
2026-03-12,39
2026-03-13,34
2026-03-14,29
2026-03-15,36
2026-03-16,31
2026-03-17,29
2026-03-18,41
2026-03-19,21
2026-03-20,22
2026-03-21,16
2026-03-22,20
2026-03-23,24
2026-03-24,251
2026-03-25,370
2026-03-26,201
2026-03-27,165
2026-03-28,116
2026-03-29,74
2026-03-30,65
2026-03-31,172
2026-04-01,112
2026-04-02,90
2026-04-03,67
2026-04-04,44
2026-04-05,56
2026-04-06,45
2026-04-07,62
2026-04-08,43
2026-04-09,33
2026-04-10,37
2026-04-11,41
2026-04-12,59
2026-04-13,47
2026-04-14,49
2026-04-15,51
2026-04-16,40
2026-04-17,31
2026-04-18,35
2026-04-19,110
